Timestamp_RPI,Gyro_x,Gyro_y,Gyro_z,Accel_x,Accel_y,Accel_z,Rotate_x,Rotate_y,Motion_Label
2018-01-02T12:02:22.147813,1138,-329,145,184,-4316,21316,-11,0,7
2018-01-02T12:02:22.356619,3182,1529,-2008,1124,-6252,17008,-20,-3,7
2018-01-02T12:02:22.564641,1326,2002,-742,-2876,408,16328,1,9,7
2018-01-02T12:02:22.772680,3760,4064,-2518,-308,-1032,10004,-5,1,7
2018-01-02T12:02:22.980910,-1462,-347,1069,-7840,24488,20544,48,13,7
2018-01-02T12:02:23.188953,-508,971,-4597,3264,-6620,12948,-26,-12,7
2018-01-02T12:02:23.397499,11025,8394,-2466,-8716,8356,14408,26,27,7
2018-01-02T12:02:23.605849,65,1128,-7285,824,-14196,16992,-39,-2,7
2018-01-02T12:02:23.813588,-197,-1139,-4801,-828,-2708,10412,-14,4,7
2018-01-02T12:02:24.020841,2871,2389,-4152,-7196,-8872,21464,-21,17,7
2018-01-02T12:02:24.228407,3671,4425,-4856,-1504,-13340,-412,-83,6,7
2018-01-02T12:02:24.435361,12592,969,-1490,-11728,7952,27640,14,22,7
2018-01-02T12:02:24.642036,-32768,-21707,4537,-4808,-3536,8872,-19,26,7
2018-01-02T12:02:24.849122,3104,-3403,-1665,5340,4060,19392,11,-15,7
2018-01-02T12:02:25.056236,4025,-2349,-934,2936,3320,16924,10,-9,7
2018-01-02T12:02:25.264662,453,995,-7108,-7892,-28644,9932,-66,14,7
2018-01-02T12:02:25.471827,-7742,-7452,4743,-4240,-1820,15200,-6,15,7
2018-01-02T12:02:25.679069,-3590,-9492,2588,15764,-7352,15664,-18,-42,7
2018-01-02T12:02:25.886131,1515,-1080,1494,-3816,17896,22664,37,7,7
2018-01-02T12:02:26.093138,-8908,-3427,-7613,2532,-18004,-8100,-64,-7,7
2018-01-02T12:02:26.299909,-792,4825,-2388,-5588,-13408,14648,-40,15,7
2018-01-02T12:02:26.507652,30993,11566,-1076,17744,8896,23104,16,-35,7
2018-01-02T12:02:26.714440,-1880,3005,-1505,-8708,-22236,-7312,-62,20,7
2018-01-02T12:02:26.921350,3634,720,-1538,11112,-4084,21068,-9,-27,7
2018-01-02T12:02:27.128401,8966,5158,-1665,5116,2668,22136,6,-12,7
2018-01-02T12:02:27.335364,-5358,-357,-1927,3580,-18120,3684,-74,-10,7
2018-01-02T12:02:27.542183,5858,4095,-1763,8,2128,19728,6,0,7
2018-01-02T12:02:27.749665,2782,307,-601,3716,-5944,16636,-19,-11,7
2018-01-02T12:02:27.956980,-1677,-3555,1667,2100,-2260,14956,-8,-7,7
2018-01-02T12:02:28.163946,9688,1319,-736,2072,7720,29728,14,-3,7
2018-01-02T12:02:28.371001,3303,-2427,479,-1740,4900,23988,11,4,7
2018-01-02T12:02:28.577836,362,1422,246,-5144,-4144,12660,-16,21,7
2018-01-02T12:02:28.785578,1687,1694,-500,-3268,1268,14932,4,12,7
2018-01-02T12:02:28.992409,2647,3822,-287,-2756,444,18512,1,8,7
2018-01-02T12:02:29.199048,112,458,-487,1252,-5624,13872,-21,-4,7
2018-01-02T12:02:29.405898,-911,542,-955,-444,-10272,12320,-39,1,7
2018-01-02T12:02:29.612633,590,-8745,9272,1324,32767,14104,66,-2,7
2018-01-02T12:02:29.819611,-1539,3777,-4277,-14752,-26096,-9148,-56,28,7
2018-01-02T12:02:30.026587,2174,1470,992,-4808,-4344,17904,-13,14,7
2018-01-02T12:02:30.233364,3510,1211,167,5244,3076,14972,10,-18,7
2018-01-02T12:02:30.440228,-73,1772,-1407,-504,-6652,15532,-23,1,7
2018-01-02T12:02:30.646942,-1819,-2003,-1553,1644,-15980,13324,-49,-4,7
2018-01-02T12:02:30.853966,-5119,-2191,-713,-3404,-7212,3560,-55,22,7
2018-01-02T12:02:31.060873,259,-1915,-1403,2384,-6288,15188,-22,-8,7
2018-01-02T12:02:31.267727,1100,-1532,1008,1364,-2556,13964,-10,-5,7
2018-01-02T12:02:31.474536,2379,-770,2326,-1996,128,20124,0,5,7
2018-01-02T12:02:31.681521,7530,2828,-2794,6044,-2964,25116,-6,-13,7
2018-01-02T12:02:31.888684,-1459,429,926,-3400,-3988,9820,-20,17,7
2018-01-02T12:02:32.096054,-13194,1999,-5425,15324,-32768,32767,-42,-18,7
2018-01-02T12:02:32.303017,-158,-5236,-5883,29180,-30868,14612,-43,-40,7
2018-01-02T12:02:32.510209,7551,3277,702,-716,9716,14196,34,2,7
2018-01-02T12:02:32.717701,3636,-2658,869,308,-5856,20836,-15,0,7
2018-01-02T12:02:32.925564,160,-2966,4092,3300,-2248,23328,-5,-8,7
2018-01-02T12:02:33.134064,3391,1511,1176,1856,-6080,24612,-13,-4,7
2018-01-02T12:02:33.341794,1323,2365,1182,1632,-296,12896,-1,-7,7
2018-01-02T12:02:33.549559,1485,2699,440,-4548,-3828,12368,-16,19,7
2018-01-02T12:02:33.756973,-284,322,386,-2308,-3160,12224,-14,10,7
2018-01-02T12:02:33.964352,-71,-2192,1231,1120,1540,14016,6,-4,7
2018-01-02T12:02:34.171944,5737,404,813,-992,2116,17520,6,3,7
2018-01-02T12:02:34.379474,4186,160,-2182,3660,-14380,24680,-29,-7,7
2018-01-02T12:02:34.587043,-2793,-2977,2228,-1500,-14004,20268,-34,3,7
2018-01-02T12:02:34.794641,-3936,4276,-2446,4040,-17884,32767,-28,-6,7
2018-01-02T12:02:35.002648,18271,1744,123,17428,17080,27808,27,-28,7
2018-01-02T12:02:35.210587,-290,237,627,2140,-9068,24400,-20,-4,7
2018-01-02T12:02:35.419406,1566,-475,501,-888,-10988,16148,-34,2,7
2018-01-02T12:02:35.626925,-5519,-1028,1696,660,-1552,15068,-5,-2,7
2018-01-02T12:02:35.835083,1620,1132,2130,-4420,5768,16920,18,13,7
2018-01-02T12:02:36.042167,472,661,2198,-5412,-1884,6268,-12,39,7
2018-01-02T12:02:36.249370,10755,7181,-3994,6204,-1900,24908,-4,-13,7
2018-01-02T12:02:36.456694,-8844,3717,-5359,9728,-8992,16476,-25,-27,7
2018-01-02T12:02:36.663438,9977,315,361,924,11728,23612,26,-2,7
2018-01-02T12:02:36.870364,-513,-165,-482,4816,-2908,9124,-15,-26,7
2018-01-02T12:02:37.078115,8406,448,-59,9160,8480,31792,14,-15,7
2018-01-02T12:02:37.286000,14487,4344,-79,7712,-2372,27904,-4,-15,7
2018-01-02T12:02:37.499362,18763,10526,-436,3860,4824,28704,9,-7,7
2018-01-02T12:02:37.707179,-675,4428,770,-14176,3764,5228,13,65,7
2018-01-02T12:02:37.914993,1145,-823,561,4928,-6168,20644,-16,-12,7
2018-01-02T12:02:38.122871,1569,1340,774,2716,-1412,16684,-4,-9,7
2018-01-02T12:02:38.330968,-7630,-1784,637,524,-5456,9452,-29,-2,7
2018-01-02T12:02:38.539928,-2281,-964,-1987,6520,-4352,13412,-16,-24,7
2018-01-02T12:02:38.747336,258,67,783,912,-260,12336,-1,-4,7
2018-01-02T12:02:38.959661,2322,-2632,-6,-172,-5980,13360,-24,0,7
2018-01-02T12:02:39.168041,-503,-2926,3337,-4948,5400,4644,38,34,7
2018-01-02T12:02:39.375669,-3224,-5874,3134,-72,-9828,15960,-31,0,7
2018-01-02T12:02:39.583066,4167,3113,365,-2220,7408,22888,17,5,7
2018-01-02T12:02:39.790987,296,-914,2455,2004,-2728,16436,-9,-6,7
2018-01-02T12:02:39.998575,-1150,-2223,2264,5892,3744,13476,14,-22,7
2018-01-02T12:02:40.206494,5704,271,2997,3824,13552,10988,49,-12,7
2018-01-02T12:02:40.414204,-5115,-5275,3250,6876,-4888,7248,-26,-38,7
2018-01-02T12:02:40.621209,12565,4407,-843,7284,-1020,28188,-2,-14,7
2018-01-02T12:02:40.827991,-13342,-10774,8007,-13376,-9748,-9136,-31,45,7
2018-01-02T12:02:41.034990,1700,3385,-77,-444,-6524,15776,-22,1,7
2018-01-02T12:02:41.241776,6225,3981,133,-1828,256,18792,0,5,7
2018-01-02T12:02:41.449412,-1296,-855,2269,-3624,3616,14000,14,14,7
2018-01-02T12:02:41.656266,-2632,-5870,1990,3572,-828,11608,-3,-17,7
2018-01-02T12:02:41.863085,-2635,-3995,3301,-100,-140,11892,0,0,7
2018-01-02T12:02:42.069966,2824,-3592,3421,5060,5768,19124,16,-14,7
2018-01-02T12:02:42.276904,-3439,1092,1930,-2252,-11268,11228,-44,8,7
2018-01-02T12:02:42.483774,1705,523,1463,2756,-6796,13904,-25,-10,7
2018-01-02T12:02:42.691270,-1598,-541,-1750,7136,3908,9048,18,-35,7
2018-01-02T12:02:42.899389,-429,1003,-1669,-788,-11996,9048,-52,3,7
2018-01-02T12:02:43.106181,2921,-1234,1536,304,2496,13560,10,-1,7
2018-01-02T12:02:43.314285,6128,201,3904,6348,-5124,12032,-20,-25,7
2018-01-02T12:02:43.521805,-2568,-810,1152,-1264,-4280,17012,-14,4,7
2018-01-02T12:02:43.728718,647,101,-1425,3824,-14784,23480,-31,-7,7
2018-01-02T12:02:43.936090,658,-1312,747,-2708,-15460,9504,-57,8,7
2018-01-02T12:02:44.143056,1355,-762,1333,2128,-10016,20332,-26,-5,7
2018-01-02T12:02:44.350079,1439,-2000,1747,3808,-4612,20656,-12,-10,7
2018-01-02T12:02:44.557104,2572,-283,2923,-1864,-1676,11860,-7,8,7
2018-01-02T12:02:44.764161,12243,3819,2679,-3376,28159,120,83,6,7
2018-01-02T12:02:44.971757,26269,23709,-4625,-32768,-25792,-9316,-37,50,7
2018-01-02T12:02:45.179449,-21680,-5686,-1715,-10012,-32768,-29396,-46,12,7
2018-01-02T12:02:45.388639,1745,307,498,480,-6796,10464,-32,-2,7
2018-01-02T12:02:45.596241,-2247,-161,235,664,-4136,18516,-12,-2,7
2018-01-02T12:02:45.803757,-7686,-3806,3294,-3096,3296,18728,9,9,7
2018-01-02T12:02:46.011979,-761,-365,1871,-3392,2936,19364,8,9,7
2018-01-02T12:02:46.220377,4808,-395,221,2164,-5908,17320,-18,-6,7
2018-01-02T12:02:46.428359,1651,421,435,1052,-8144,19844,-22,-2,7
2018-01-02T12:02:46.638099,-2279,-1716,905,-820,5308,9256,29,4,7
2018-01-02T12:02:46.845843,11440,4441,-2471,4992,-4444,24576,-10,-11,7
2018-01-02T12:02:47.053357,-10644,-6272,-1123,32767,-32768,29196,-36,-36,7
2018-01-02T12:02:47.261111,6298,-3724,2348,-2424,15320,32767,24,3,7
2018-01-02T12:02:47.468876,3187,2259,560,-2256,1676,25808,3,4,7
2018-01-02T12:02:47.678167,2982,827,-1347,3200,1636,23944,3,-7,7
2018-01-02T12:02:47.885911,4352,1360,-902,2844,1460,19376,4,-8,7
2018-01-02T12:02:48.092879,90,1428,-583,-3420,-4220,13872,-16,13,7
2018-01-02T12:02:48.300336,2085,-775,1455,-4180,-744,18108,-2,12,7
2018-01-02T12:02:48.507509,-342,-319,1900,-5476,-1572,11880,-6,24,7
2018-01-02T12:02:48.714551,-239,-1162,1249,-1152,-6452,16232,-21,3,7
2018-01-02T12:02:48.921722,315,-1475,2450,416,6632,18660,19,-1,7
2018-01-02T12:02:49.128555,-1687,3141,-1210,2144,-6632,9388,-34,-10,7
2018-01-02T12:02:49.335861,-3255,57,1666,-3612,-5616,16080,-18,11,7
2018-01-02T12:02:49.543073,-3915,-2592,2661,-224,-3736,9548,-21,1,7
2018-01-02T12:02:49.750351,-3426,944,56,444,-10576,13748,-37,-1,7
2018-01-02T12:02:49.957267,-6959,996,958,-5248,-8060,5204,-47,28,7
2018-01-02T12:02:50.164350,5867,1101,2073,4064,16968,21032,38,-8,7
2018-01-02T12:02:50.372066,-8472,-536,-1876,4940,-4416,6200,-29,-32,7
2018-01-02T12:02:50.580028,-638,-1650,-845,452,-5844,20984,-15,-1,7
2018-01-02T12:02:50.787466,3038,1506,-2264,748,-5868,17632,-18,-2,7
2018-01-02T12:02:50.995128,4248,1665,-8227,-3904,-32768,30168,-47,5,7
2018-01-02T12:02:51.202872,-9493,-10460,12972,-32768,32767,14420,42,42,7
2018-01-02T12:02:51.410509,24531,18120,-11969,4604,-23344,23168,-44,-7,7
2018-01-02T12:02:51.618308,7123,-61,-1161,12,-2848,21976,-7,0,7
2018-01-02T12:02:51.826102,1111,1151,-749,-984,-6096,13228,-24,3,7
2018-01-02T12:02:52.033680,-431,-233,-654,2740,-1776,14984,-6,-10,7
2018-01-02T12:02:52.241660,-3973,496,-472,-1588,-1292,16524,-4,5,7
2018-01-02T12:02:52.449627,-2504,-5727,6280,-2556,19468,13596,54,6,7
2018-01-02T12:02:52.657349,-1811,-778,4515,-8448,5196,17060,15,25,7
2018-01-02T12:02:52.865228,15102,11129,-4142,3992,2236,18704,6,-11,7
2018-01-02T12:02:55.145493,12348,3379,-848,-3780,-376,26716,0,8,8
2018-01-02T12:02:55.352350,10256,885,-28,3220,18832,32767,29,-4,8
2018-01-02T12:02:55.559292,11044,3259,-2278,15644,-19936,26480,-32,-25,8
2018-01-02T12:02:55.766296,5796,-3071,885,6028,-9236,12540,-33,-21,8
2018-01-02T12:02:55.973181,7165,617,294,3776,22008,19512,47,-7,8
2018-01-02T12:02:56.179885,1515,1234,-297,-10624,8644,24188,18,22,8
2018-01-02T12:02:56.387444,401,-82,-1820,5988,-20232,31132,-32,-9,8
2018-01-02T12:02:56.594406,-16308,-6639,1856,-22336,-7964,5816,-19,66,8
2018-01-02T12:02:56.801619,21964,-5046,5441,6096,32767,16364,61,-9,8
2018-01-02T12:02:57.009146,-2734,2136,2652,-1028,-15560,7192,-64,3,8
2018-01-02T12:02:57.216865,-14546,4811,2088,2288,-30848,18704,-58,-3,8
2018-01-02T12:02:57.424603,6409,-2316,-5781,14140,-26836,8236,-58,-26,8
2018-01-02T12:02:57.632146,2421,-2331,4488,2084,16328,4308,73,-7,8
2018-01-02T12:02:57.839724,-3026,1875,-612,-11372,-2620,13976,-8,38,8
2018-01-02T12:02:58.047497,13384,7276,-569,-8716,13736,32767,22,13,8
2018-01-02T12:02:58.256596,7847,-3267,862,14312,21664,9160,51,-31,8
2018-01-02T12:02:58.464329,-4461,-4982,4203,2060,-7040,7520,-42,-11,8
2018-01-02T12:02:58.671954,8096,-744,-1307,6904,8508,24548,18,-14,8
2018-01-02T12:02:58.879615,-3669,1720,-803,-4272,-6744,10236,-31,19,8
2018-01-02T12:02:59.087156,-8313,628,1741,-916,-4256,14300,-16,3,8
2018-01-02T12:02:59.294974,-1175,-327,905,1844,-5208,16128,-17,-6,8
2018-01-02T12:02:59.509238,7204,4985,-3858,2260,-4576,23300,-11,-5,8
2018-01-02T12:02:59.716867,3184,1219,-1323,1008,-12212,18440,-33,-2,8
2018-01-02T12:02:59.924452,-13,273,1287,-2080,-4880,12672,-20,8,8
2018-01-02T12:03:00.132983,2578,-312,1198,852,3428,16628,11,-2,8
2018-01-02T12:03:00.340272,2526,430,-754,9092,-4672,23112,-10,-21,8
2018-01-02T12:03:01.236417,-502,3073,-3774,11296,-3880,22204,-8,-26,8
2018-01-02T12:03:01.443650,1679,-3643,-2766,4912,-2632,18372,-7,-14,8
2018-01-02T12:03:01.650635,283,-570,-1081,-1012,-1172,19648,-3,2,8
2018-01-02T12:03:01.857523,-795,-6117,4030,-2852,-1544,17876,-4,9,8
2018-01-02T12:03:02.064445,-524,3644,-587,2756,-7892,20172,-21,-7,8
2018-01-02T12:03:02.271285,-2042,1686,-317,8012,956,11152,3,-35,8
2018-01-02T12:03:02.478143,37,-2467,-1261,3200,-2976,17016,-9,-10,8
2018-01-02T12:03:02.685612,-428,-1756,-566,8636,-7344,18452,-19,-23,8
2018-01-02T12:03:02.892877,4806,-941,1986,4884,1468,19972,4,-13,8
2018-01-02T12:03:03.099755,-2862,2349,-787,-10132,5488,8400,22,45,8
2018-01-02T12:03:03.306494,-1319,-190,-436,-412,-4688,12492,-20,1,8
2018-01-02T12:03:03.513567,-3999,59,-1741,-1224,-3576,17848,-11,3,8
2018-01-02T12:03:03.720197,5640,5,1881,312,1148,22188,2,0,8
2018-01-02T12:03:03.926874,2409,-18,3947,-1196,140,14316,0,4,8
2018-01-02T12:03:04.134178,-608,2456,-561,3812,1684,13420,6,-15,8
2018-01-02T12:03:04.341093,1069,3473,-2018,-2700,4092,15604,14,9,8
2018-01-02T12:03:04.549898,-159,-2130,-645,4592,-8260,18700,-23,-12,8
2018-01-02T12:03:04.756762,9288,1690,855,7464,-3928,21480,-9,-18,8
2018-01-02T12:03:04.965632,2801,-1583,2688,1108,2972,15528,10,-4,8
2018-01-02T12:03:05.177045,726,2502,183,5812,-8880,18896,-24,-15,8
2018-01-02T12:03:05.384043,2921,3136,-591,6100,-3484,22740,-8,-14,8
2018-01-02T12:03:05.591195,3175,480,-909,2412,-2776,14668,-10,-9,8
2018-01-02T12:03:05.797966,-6110,1050,-277,1012,-9924,13588,-36,-3,8
2018-01-02T12:03:06.005150,4072,-349,232,-4904,9836,11728,37,17,8
2018-01-02T12:03:06.212825,-9,1852,-270,528,2448,13228,10,-2,8
2018-01-02T12:03:06.420599,2632,-2443,-1910,11268,4980,22764,11,-25,8
2018-01-02T12:03:06.628580,-2982,84,-4310,1616,-8440,15116,-29,-5,8
2018-01-02T12:03:06.839365,-914,-3877,-438,-7344,4320,18752,12,20,8
2018-01-02T12:03:07.051044,2536,-737,4640,-732,4168,15868,14,2,8
2018-01-02T12:03:07.258543,7956,-1604,5575,4020,4148,22264,10,-10,8
2018-01-02T12:03:07.467021,3232,838,-108,9028,5176,19704,13,-23,8
2018-01-02T12:03:07.676904,2871,5224,-2518,8528,-376,16040,-1,-27,8
2018-01-02T12:03:07.884552,-7632,-2951,-3234,-3660,1928,15408,6,13,8
2018-01-02T12:03:08.092192,-2078,-1132,-1895,3372,-3112,11552,-14,-15,8
2018-01-02T12:03:08.300091,2994,-5101,2807,7088,-5164,21144,-13,-18,8
2018-01-02T12:03:08.507848,3813,1977,1795,-5116,1220,18048,3,15,8
2018-01-02T12:03:08.715617,567,835,2728,188,3964,13392,16,0,8
2018-01-02T12:03:08.923151,4450,2096,643,2864,4672,20400,12,-7,8
2018-01-02T12:03:09.130954,-4111,-534,2671,-5168,-2768,12600,-11,21,8
2018-01-02T12:03:09.338684,-2990,-1446,2150,-1980,-3864,16544,-13,6,8
2018-01-02T12:03:09.546020,-6974,-2362,4817,-10884,14516,15188,37,27,8
2018-01-02T12:03:09.752628,-7254,-1424,680,-5368,-2028,14564,-7,20,8
2018-01-02T12:03:09.959619,4633,2658,-1219,744,2376,17380,7,-2,8
2018-01-02T12:03:10.166781,-411,1966,-879,3660,3964,13444,15,-14,8
2018-01-02T12:03:10.373547,-1618,-7066,5340,4424,-7028,12012,-28,-17,8
2018-01-02T12:03:10.580842,2947,1870,-1121,4336,2524,18724,7,-12,8
2018-01-02T12:03:10.787808,1051,-496,-766,-1868,7380,13512,28,6,8
2018-01-02T12:03:10.994595,-950,-2799,570,2780,-8376,15288,-28,-9,8
2018-01-02T12:03:11.201503,-8696,-4124,5171,-2676,-13784,13580,-44,7,8
2018-01-02T12:03:11.409021,1551,3579,-1074,164,-4464,11784,-20,0,8
2018-01-02T12:03:11.615784,4669,2567,-1281,5232,-10692,15428,-33,-15,8
2018-01-02T12:03:11.822659,803,1652,-1547,88,-7288,15036,-25,0,8
2018-01-02T12:03:12.029415,1189,-1629,1980,1416,1224,17792,3,-4,8
2018-01-02T12:03:12.236418,-10269,-308,302,-112,-14580,9516,-56,0,8
2018-01-02T12:03:12.443282,1076,1638,-2430,-1288,-3828,16532,-12,4,8
2018-01-02T12:03:12.650495,352,320,-1999,-204,-3020,13852,-12,0,8
2018-01-02T12:03:12.857201,-2332,-1799,363,5640,-5080,14276,-18,-20,8
2018-01-02T12:03:13.064482,8830,1558,344,4328,1828,22036,4,-11,8
2018-01-02T12:03:13.271303,-2224,-3526,4314,812,3320,15252,12,-2,8
2018-01-02T12:03:13.478112,5746,7319,-2485,-4016,-336,14772,-1,15,8
2018-01-02T12:03:13.684986,5073,920,-47,-1344,-1416,19816,-4,3,8
2018-01-02T12:03:13.891778,2539,-1675,2693,3196,-252,14396,0,-12,8
2018-01-02T12:03:14.098764,-4054,-1056,1565,-4776,156,12584,0,20,8
2018-01-02T12:03:14.305819,-1084,-1818,4141,-2792,4144,18216,12,8,8
2018-01-02T12:03:14.512721,853,1201,5159,-5256,7236,20076,19,13,8
2018-01-02T12:03:14.719893,5333,4844,-2556,1208,-664,20248,-1,-3,8
2018-01-02T12:03:14.926918,-176,1689,-1148,924,3196,15656,11,-3,8
2018-01-02T12:03:15.133699,386,698,-1347,-3044,748,19080,2,9,8
2018-01-02T12:03:15.340680,565,-1364,1693,3336,-5100,17160,-16,-10,8
2018-01-02T12:03:15.547548,8761,-2152,3376,6352,4552,18088,13,-18,8
2018-01-02T12:03:15.754247,-410,-2579,2779,-2056,4268,14940,15,7,8
2018-01-02T12:03:15.961124,-3570,-1909,1604,-4104,2168,11832,9,18,8
2018-01-02T12:03:16.168170,-10578,6984,-465,2460,-6872,12832,-27,-9,8
2018-01-02T12:03:16.375674,87,-13826,3932,1956,-10484,6944,-55,-8,8
2018-01-02T12:03:16.582889,-3713,-10025,3940,7580,-7552,7672,-35,-35,8
2018-01-02T12:03:16.791536,9819,7219,-3902,4048,3416,16552,11,-13,8
2018-01-02T12:03:16.999212,2053,2662,-708,312,5112,21208,13,0,8
2018-01-02T12:03:17.206932,2440,133,-371,1244,1268,17780,4,-3,8
2018-01-02T12:03:17.414549,-2913,-5120,-2955,1364,-2892,7956,-19,-9,8
2018-01-02T12:03:17.622154,2251,2699,1498,-1224,-4956,20380,-13,3,8
2018-01-02T12:03:17.829974,-1881,-987,2395,3208,-5208,11288,-23,-14,8
2018-01-02T12:03:18.037731,-1598,-1596,1579,-164,-8036,16624,-25,0,8
2018-01-02T12:03:18.247253,3146,-574,2073,-3460,11252,23172,25,7,8
2018-01-02T12:03:18.454964,-2403,-7601,5316,388,2856,14712,10,-1,8
2018-01-02T12:03:18.662824,4584,-1208,7568,5480,7168,14048,25,-19,8
2018-01-02T12:03:18.870574,192,5587,-445,4672,-4728,9092,-24,-24,8
2018-01-02T12:03:19.081713,3449,2624,-7695,19532,-10176,14500,-22,-47,8
2018-01-02T12:03:19.290941,-3568,-1035,-2509,-4132,-8880,12636,-33,14,8
2018-01-02T12:03:19.498714,11417,-3268,2590,-688,-3732,23092,-9,1,8
2018-01-02T12:03:19.706340,7803,-1786,3378,9244,-10404,18244,-26,-23,8
2018-01-02T12:03:19.913006,-4246,-818,6113,2068,5928,14372,22,-7,8
2018-01-02T12:03:20.120060,4031,193,2080,4344,2168,19284,6,-12,8
2018-01-02T12:03:20.326814,-455,6088,-3149,-5572,-1092,10852,-5,27,8
2018-01-02T12:03:20.533696,-155,2547,-2086,-1496,-2300,11232,-11,7,8
2018-01-02T12:03:20.740729,-749,748,-3539,-4804,-5268,14984,-18,16,8
2018-01-02T12:03:20.947995,4346,69,329,904,-228,19460,0,-2,8
2018-01-02T12:03:21.156012,-208,-7618,4143,3016,3460,21084,9,-8,8
2018-01-02T12:03:21.362865,-2148,2955,-123,1240,-5268,16056,-18,-4,8
2018-01-02T12:03:21.570066,-76,847,500,-1196,-3280,16484,-11,4,8
2018-01-02T12:03:21.777034,3331,1938,-2324,4968,4656,15740,15,-16,8
2018-01-02T12:03:21.983876,-2476,-859,-3161,3612,-13692,14904,-41,-10,8
2018-01-02T12:03:22.191358,-1724,-2080,4461,-7748,568,21092,1,20,8
2018-01-02T12:03:22.398358,1399,-713,2277,984,-3456,24280,-8,-2,8
2018-01-02T12:03:22.605487,6029,-354,507,5668,604,19692,1,-16,8
2018-01-02T12:03:22.812175,2399,637,-93,3644,-4092,11848,-18,-16,8
2018-01-02T12:03:23.019223,3154,1791,-478,1512,-3796,17364,-12,-4,8
2018-01-02T12:03:23.226356,757,-2197,1407,2724,-2580,23756,-6,-6,8
2018-01-02T12:03:23.433630,-1827,1002,4259,-1904,3756,16820,12,6,8
2018-01-02T12:03:23.640635,661,2899,-1322,6336,9144,19932,23,-16,8
2018-01-02T12:03:23.847835,-183,4551,-8684,972,-9504,13948,-34,-3,8
2018-01-02T12:03:24.054577,-1503,-4306,2698,180,-3324,19376,-9,0,8
2018-01-02T12:03:24.261487,-416,-604,106,3600,-7628,17160,-23,-10,8
2018-01-02T12:03:24.468522,-1061,1455,-357,4244,472,12012,2,-19,8
2018-01-02T12:03:24.675784,2694,-3901,2329,4044,5844,18756,16,-11,8
2018-01-02T12:03:24.882904,-32,806,-111,-7812,3304,13364,12,29,8
2018-01-02T12:03:25.090332,29,-2975,500,3332,-1776,19676,-5,-9,8
2018-01-02T12:03:25.297410,-2185,-1295,-272,1340,-11812,20884,-29,-3,8
2018-01-02T12:03:25.504262,7231,-1536,3606,4784,1148,17648,3,-15,8
2018-01-02T12:03:25.711616,-1035,-679,1805,4532,-10864,21248,-26,-10,8
2018-01-02T12:03:25.918570,2198,594,3506,1000,-8364,15272,-28,-3,8
2018-01-02T12:03:26.125523,-1696,1697,559,-3144,-1084,13436,-4,13,8
2018-01-02T12:03:26.332470,2860,3130,1,-3480,1596,19476,4,10,8
2018-01-02T12:03:26.539425,1116,2128,-3285,4176,-8648,24236,-19,-9,8
2018-01-02T12:03:26.746805,825,-2400,-202,3656,-2472,19220,-7,-10,8
2018-01-02T12:03:26.953538,-5466,-5806,2837,-1212,6848,9964,34,5,8
2018-01-02T12:03:27.160355,-4555,-259,1043,-1928,-956,15380,-3,7,8
2018-01-02T12:03:27.367265,-1779,-2293,1529,2452,-4068,11060,-19,-11,8
2018-01-02T12:03:27.574948,1331,-1691,5014,1312,-3616,15472,-13,-4,8
2018-01-02T12:03:27.781816,1700,-1930,1254,6088,3320,17472,10,-18,8
2018-01-02T12:03:27.989111,-2265,4649,-1216,-892,-4260,15632,-15,3,8
2018-01-02T12:03:28.196963,6443,3242,1766,1328,2392,19660,6,-3,8
2018-01-02T12:03:28.404333,671,1932,841,-4436,-5296,11884,-22,18,8
2018-01-02T12:03:28.611687,-296,-671,-1148,2764,2080,12184,9,-12,8
2018-01-02T12:03:28.818633,1939,1355,319,-1228,-3628,13504,-14,5,8
2018-01-02T12:03:29.027341,893,-3052,1009,2280,8132,10684,36,-9,8
2018-01-02T12:03:29.235261,-877,-257,457,4008,908,11936,4,-18,8
2018-01-02T12:03:29.441978,-2951,402,1217,8,-6468,18316,-19,0,8
2018-01-02T12:03:29.648883,1417,1502,-1042,1828,-4316,9432,-24,-9,8
2018-01-02T12:03:29.855656,1605,-2864,2866,-1040,2176,16620,7,3,8
2018-01-02T12:03:30.062588,-1798,-1948,2577,4268,-5052,14708,-18,-15,8
2018-01-02T12:03:30.269390,4012,978,-95,5796,-32,15184,0,-20,8
2018-01-02T12:03:30.476612,-903,-593,108,4160,-4492,13184,-18,-16,8
2018-01-02T12:03:30.683832,-1347,-2531,5911,-1920,-13592,21512,-32,4,8
2018-01-02T12:03:30.890719,2504,3071,-716,552,-2360,20492,-6,-1,8
2018-01-02T12:03:31.097451,1594,-444,-562,3640,-860,15072,-3,-13,8
2018-01-02T12:03:31.304607,345,-2861,3274,2980,2384,12904,10,-12,8
2018-01-02T12:03:31.511590,-2297,-2290,268,5060,-11284,10556,-43,-18,8
2018-01-02T12:03:31.718697,2888,2232,400,1196,1256,20412,3,-3,8
2018-01-02T12:03:31.925390,-4785,-3871,5126,-60,2564,8984,15,0,8
2018-01-02T12:03:32.132261,3890,-303,3161,7352,-9876,17232,-27,-20,8
2018-01-02T12:03:32.339052,2581,3264,1008,-492,-4172,15076,-15,1,8
2018-01-02T12:03:32.546098,-5299,-2185,66,4552,-4868,12984,-19,-18,8
2018-01-02T12:03:32.753174,1495,3026,-4076,2624,-4720,19512,-13,-7,8
2018-01-02T12:03:32.962212,653,-73,-452,1784,-11176,15364,-35,-5,8
2018-01-02T12:03:33.169892,1748,-2073,1697,6644,-2964,18284,-8,-19,8
2018-01-02T12:03:33.377525,-517,-557,464,236,-4988,14152,-19,0,8
2018-01-02T12:03:33.585648,2151,1765,-3563,2456,120,17128,0,-8,8
2018-01-02T12:03:33.793055,-1979,-3170,791,-288,-4372,13996,-17,1,8
2018-01-02T12:03:34.000735,-668,-2986,1936,1532,-1940,16764,-6,-5,8
2018-01-02T12:03:34.208999,376,946,-1976,2160,-3596,20060,-10,-6,8
2018-01-02T12:03:34.416448,2756,1681,-1001,-4836,2296,16764,7,15,8
2018-01-02T12:03:34.626309,3442,-2198,1783,-2876,9112,20356,23,7,8
2018-01-02T12:03:34.834167,-399,-239,-427,-616,2596,13140,11,2,8
2018-01-02T12:03:35.041578,7028,2385,-252,2072,2552,14860,9,-7,8
2018-01-02T12:03:35.249590,1219,2376,273,1608,3144,14888,11,-6,8
2018-01-02T12:03:35.458191,6317,2616,-256,-1788,13608,16792,38,4,8
2018-01-02T12:03:35.665628,28,-309,999,196,-2772,12600,-12,0,8
2018-01-02T12:03:35.874193,-3739,-3924,2871,-1620,-8468,17784,-25,4,8
2018-01-02T12:03:36.081842,899,511,-377,1328,-4332,17172,-14,-4,8
2018-01-02T12:03:36.289301,-3110,-468,-652,-3404,-6064,9352,-31,16,8
2018-01-02T12:03:36.497020,648,-1741,3117,-4304,3936,15188,14,15,8
2018-01-02T12:03:36.703849,1178,-1243,2116,-76,432,19076,1,0,8
2018-01-02T12:03:36.910614,2575,2443,-2288,-3132,3640,23264,8,7,8
2018-01-02T12:03:37.117330,-707,1220,-1162,-4328,-4136,19448,-11,12,8
2018-01-02T12:03:37.325091,736,20,2020,1128,352,17832,1,-3,8
2018-01-02T12:03:37.532121,1709,145,710,-3324,7300,20556,19,8,8
2018-01-02T12:03:37.739140,5940,2528,-3839,5528,-2476,24020,-5,-12,8
2018-01-02T12:03:37.946112,-4916,-2679,288,4144,-9864,12752,-36,-14,8
2018-01-02T12:03:38.153039,3184,3877,-1508,-988,-8,16956,0,3,8
2018-01-02T12:03:38.360571,1455,1325,-2907,2304,3428,13836,13,-9,8
2018-01-02T12:03:38.568304,1656,686,-1979,9324,-6268,20120,-15,-23,8
2018-01-02T12:03:38.775130,4003,-1921,2699,-704,2680,21984,6,1,8
2018-01-02T12:03:38.982060,1539,-53,-842,4336,3472,18292,10,-13,8
2018-01-02T12:03:39.189474,3382,1011,-3005,1132,5952,13704,23,-4,8
2018-01-02T12:03:39.396295,3612,-259,-2649,2396,1560,17040,5,-7,8
2018-01-02T12:03:39.603382,546,1847,-2409,-96,-9852,19508,-26,0,8
2018-01-02T12:03:39.810439,2900,-574,-3899,10020,5212,19140,13,-26,8
2018-01-02T12:03:40.017438,2237,-131,-1087,-1084,-7624,17496,-23,3,8
2018-01-02T12:03:40.224229,-1157,-3909,1253,-956,5000,13664,20,3,8
2018-01-02T12:03:40.431182,1187,1009,-3060,8996,-7508,16252,-22,-26,8
2018-01-02T12:03:40.638060,-101,174,-1850,1872,-13364,18280,-36,-4,8
2018-01-02T12:03:40.844823,916,-538,-1543,1640,4408,17164,14,-5,8
2018-01-02T12:03:41.051857,3415,-746,-1496,1676,4200,20508,11,-4,8
2018-01-02T12:03:41.258656,-1136,-970,1166,2508,-2228,19928,-6,-7,8
2018-01-02T12:03:41.465488,4370,1345,1074,3236,-6784,32767,-11,-5,8
2018-01-02T12:03:41.672480,2303,1638,148,804,3916,11644,18,-3,8
2018-01-02T12:03:41.879374,-1529,753,-227,-4708,-3044,16036,-10,16,8
2018-01-02T12:03:42.086638,-35,-1086,-229,3132,1300,18404,3,-9,8
2018-01-02T12:03:42.293728,-643,-1177,-3212,8376,-5368,16636,-16,-25,8
2018-01-02T12:03:42.500429,198,-1966,777,2380,-6312,20084,-17,-6,8
2018-01-02T12:03:42.707219,-5363,-1577,5349,-172,11588,-5916,62,0,8
2018-01-02T12:03:42.913962,3386,-457,1851,4996,1648,27208,3,-10,8
2018-01-02T12:03:43.121159,-3003,1919,-692,-764,-13712,20160,-34,1,8
2018-01-02T12:03:43.328362,-3052,-1442,809,-2224,168,20372,0,6,8
2018-01-02T12:03:43.535136,6583,574,4758,372,-376,16252,-1,-1,8
2018-01-02T12:03:43.742809,3055,2886,2555,2296,28,19548,0,-6,8
2018-01-02T12:03:43.949777,-635,2829,-1771,1096,520,13900,2,-4,8
2018-01-02T12:03:44.156640,-636,1801,-4233,-480,-3696,17740,-11,1,8
2018-01-02T12:03:44.363755,2598,2919,-3113,-2512,-316,11352,-1,12,8
2018-01-02T12:03:44.570663,936,-732,816,1876,-12,15984,0,-6,8
2018-01-02T12:03:44.777322,-253,-1266,-198,1480,-2144,15728,-7,-5,8
2018-01-02T12:03:44.984237,684,675,-306,-592,-2808,11060,-14,2,8
2018-01-02T12:03:45.192182,3612,-270,441,4768,-3296,16768,-10,-15,8
2018-01-02T12:03:45.400084,-273,240,1488,-296,308,17704,0,0,8
2018-01-02T12:03:45.607609,1803,596,922,-3084,4916,13572,19,12,8
2018-01-02T12:03:45.815368,874,390,90,-688,5044,15528,17,2,8
2018-01-02T12:03:46.022862,-2832,-2122,-940,1744,5712,11432,26,-7,8
2018-01-02T12:03:46.232179,3620,6248,-6570,-1836,-2472,25804,-5,4,8
2018-01-02T12:03:46.440062,-1113,1110,-3754,-576,728,18508,2,1,8
2018-01-02T12:03:46.647611,-7239,-2243,3021,-7292,-8396,7448,-38,33,8
2018-01-02T12:03:46.855351,-1014,-4300,3102,2376,-2252,16444,-7,-8,8
2018-01-02T12:03:47.062948,2161,744,-1565,3620,5364,14260,20,-13,8
2018-01-02T12:03:47.271043,-2809,-1073,-1262,-4224,776,14076,3,16,8
2018-01-02T12:03:47.479382,3209,-2470,2016,-1244,3364,20812,9,3,8
2018-01-02T12:03:47.687250,3328,-1150,2857,-156,5484,20164,15,0,8
2018-01-02T12:03:47.895035,-2753,2788,-2154,4640,1536,16528,5,-15,8
2018-01-02T12:03:48.102629,3181,-2463,-984,960,-7784,14016,-28,-3,8
2018-01-02T12:03:48.310565,2581,-612,-1002,6012,6348,19660,17,-16,8
2018-01-02T12:03:48.518114,1749,2036,-1513,-1464,-4144,15464,-14,5,8
2018-01-02T12:03:48.726385,-3986,-8349,1772,556,27152,2620,84,-1,8
2018-01-02T12:03:48.933859,24260,12983,-12188,-1276,-24596,32767,-36,1,8
2018-01-02T12:03:58.057561,-11896,-4321,2523,-7568,-8780,3748,-46,38,7
2018-01-02T12:03:58.264795,1580,-1374,-445,3520,-4140,25420,-9,-7,7
2018-01-02T12:03:58.471657,-5064,-1091,1508,-6272,-524,11356,-2,28,7
2018-01-02T12:03:58.678625,5394,4596,-1618,-5868,10820,27224,21,11,7
2018-01-02T12:03:58.885289,-7018,-1874,-2483,308,-15976,15064,-46,0,7
2018-01-02T12:03:59.092284,-5418,-4083,4873,-2648,2416,14404,9,10,7
2018-01-02T12:03:59.299715,-1858,-968,-682,3564,-1856,23932,-4,-8,7
2018-01-02T12:03:59.506431,10502,2104,4594,-5676,18904,30520,31,8,7
2018-01-02T12:03:59.713297,-5526,264,-2503,-436,-11088,10284,-47,1,7
2018-01-02T12:03:59.921091,-1189,-1083,2675,196,-12940,17184,-36,0,7
2018-01-02T12:04:00.128110,1338,1416,265,4296,5788,13460,22,-16,7
2018-01-02T12:04:00.335179,3700,2167,-1527,4304,28540,15876,60,-7,7
2018-01-02T12:04:00.545185,-868,-597,-4058,-3572,-13316,12624,-45,11,7
2018-01-02T12:04:00.752002,-6908,-6888,2282,-568,-1460,20792,-4,1,7
2018-01-02T12:04:00.958651,4976,-956,1754,184,3148,19344,9,0,7
2018-01-02T12:04:01.165521,3826,-2670,2463,5644,21568,31384,34,-8,7
2018-01-02T12:04:01.372621,8927,7312,-6349,-32768,-32768,10148,-43,43,7
2018-01-02T12:04:01.579932,32767,11544,-4948,7704,-4600,28924,-8,-14,7
2018-01-02T12:04:01.787525,6347,3776,-534,2420,-1716,17524,-5,-7,7
2018-01-02T12:04:01.995510,-3008,2368,-1405,-3028,-4340,13056,-17,12,7
2018-01-02T12:04:02.203801,370,3620,-3212,308,3260,14548,12,-1,7
2018-01-02T12:04:02.411344,-2834,1424,-4728,-2964,-7864,15836,-26,9,7
2018-01-02T12:04:02.619062,5385,-1189,-1441,2592,13192,22904,29,-5,7
2018-01-02T12:04:02.826768,1077,-227,-4002,160,-11544,23924,-25,0,7
2018-01-02T12:04:03.034571,1629,-490,-2310,1112,-4936,17208,-15,-3,7
2018-01-02T12:04:03.242348,-4364,-4775,-1658,-344,-6824,11340,-31,1,7
2018-01-02T12:04:03.450457,-668,-3116,-632,1168,-15632,12684,-50,-3,7
2018-01-02T12:04:03.657920,-1275,-4392,3449,860,6972,15020,24,-2,7
2018-01-02T12:04:03.868775,8064,2650,-718,3332,3736,18152,11,-10,7
2018-01-02T12:04:04.077560,3719,102,3110,664,-308,10252,-1,-3,7
2018-01-02T12:04:04.285189,3058,3025,-982,-4060,-2324,23340,-5,9,7
2018-01-02T12:04:04.492892,4053,-6987,12072,5536,32767,3584,78,-9,7
2018-01-02T12:04:04.700822,32767,32767,-22649,-13000,32767,6260,66,21,7
2018-01-02T12:04:04.908310,-6055,22318,-16031,-32768,-18936,-32768,-22,40,7
2018-01-02T12:04:05.115909,-2903,-325,871,2780,-13844,9972,-53,-9,7
2018-01-02T12:04:05.324592,8702,6838,839,2956,4380,16280,14,-9,7
2018-01-02T12:04:05.532466,-3396,2013,-1122,-820,8640,11420,37,3,7
2018-01-02T12:04:05.739887,-107,3161,-5318,-1020,1276,13288,5,4,7
2018-01-02T12:04:05.947928,4155,-95,-5452,-12,-13852,15920,-41,0,7
2018-01-02T12:04:06.155969,6307,-968,-2335,-1836,-3708,22804,-9,4,7
2018-01-02T12:04:06.363598,6003,-3214,700,2368,-9592,17536,-28,-6,7
2018-01-02T12:04:06.570997,2384,1240,-521,2344,-412,17228,-1,-7,7
2018-01-02T12:04:06.778768,672,-2441,1869,-124,-3048,16468,-10,0,7
2018-01-02T12:04:06.986785,-2565,-5774,1685,-1228,-4432,9516,-24,6,7
2018-01-02T12:04:07.194407,-32768,-32674,16639,-5500,-1740,-32768,-2,9,7
2018-01-02T12:04:07.402367,32767,32767,-4449,31356,32767,32767,35,-34,7
2018-01-02T12:04:07.609925,-32768,-10504,7970,-32768,5244,-3992,9,78,7
2018-01-02T12:04:07.818542,4379,1153,864,844,636,19972,1,-2,7
2018-01-02T12:04:08.026391,4722,3574,3610,1036,6592,21896,16,-2,7
2018-01-02T12:04:08.234326,2279,3032,-1980,1364,-10700,12516,-40,-4,7
2018-01-02T12:04:08.441618,2785,646,-1373,1584,-2136,14396,-8,-6,7
2018-01-02T12:04:08.649524,-3363,-270,-14,-6132,-9228,11016,-36,23,7
2018-01-02T12:04:08.859028,-1591,-2882,1272,-764,-7940,12072,-33,3,7
2018-01-02T12:04:09.066231,548,-3232,3691,-780,1160,15728,4,2,7
2018-01-02T12:04:09.273597,1071,-1231,3799,-1900,28,15928,0,6,7
2018-01-02T12:04:09.481477,626,611,2167,1796,-10544,13156,-38,-6,7
2018-01-02T12:04:09.689332,5686,2997,1617,376,2376,22700,5,0,7
2018-01-02T12:04:09.896920,-8502,4652,-3454,6936,-32768,16920,-60,-10,7
2018-01-02T12:04:10.105593,-10825,-16750,4289,-5092,32767,-8280,73,8,7
2018-01-02T12:04:10.313859,-12478,5021,555,-3652,-7968,-11120,-34,14,7
2018-01-02T12:04:10.521522,1531,-217,3323,-352,-4880,15940,-17,1,7
2018-01-02T12:04:10.731076,-621,1293,-1598,-1452,-2104,16688,-7,4,7
2018-01-02T12:04:10.939045,5709,2011,86,2064,-5344,20192,-14,-5,7
2018-01-02T12:04:11.146945,2544,1725,-59,-3160,-10392,14180,-35,10,7
2018-01-02T12:04:11.354788,4419,-1815,2305,-1852,-10304,13256,-37,6,7
2018-01-02T12:04:11.562378,724,1209,2375,1056,4912,21640,12,-2,7
2018-01-02T12:04:11.770318,3445,2243,-1194,8100,-7024,17456,-20,-23,7
2018-01-02T12:04:11.982284,3360,1593,547,488,1956,6928,15,-3,7
2018-01-02T12:04:12.190416,3301,999,-1502,3516,2172,17084,7,-11,7
2018-01-02T12:04:12.397971,-1278,-3138,696,-2036,-1744,15196,-6,7,7
2018-01-02T12:04:12.605710,3443,-6874,3027,-2220,32767,5996,78,3,7
2018-01-02T12:04:12.814598,17871,29361,-6775,-16648,-10176,15824,-23,41,7
2018-01-02T12:04:13.031929,-11189,-1877,4418,-832,-32540,-25576,-51,1,7
2018-01-02T12:04:13.238805,8381,2293,2463,3816,3820,24248,8,-8,7
2018-01-02T12:04:13.448876,1033,2014,-161,2592,-6916,15104,-24,-8,7
2018-01-02T12:04:13.655839,4194,1097,121,448,3348,21984,8,-1,7
2018-01-02T12:04:13.862744,757,546,-904,-2904,-23112,25016,-42,4,7
2018-01-02T12:04:14.069559,6748,-547,2480,5820,7796,18700,21,-16,7
2018-01-02T12:04:14.276665,-6041,-1544,1371,672,-1536,10652,-8,-3,7
2018-01-02T12:04:14.484097,-3125,-1467,2247,-2888,-6268,9020,-33,14,7
2018-01-02T12:04:14.691035,5623,1247,729,4856,13848,20592,33,-11,7
2018-01-02T12:04:14.897792,1919,-999,4152,-72,9248,16552,29,0,7
2018-01-02T12:04:15.105101,3522,987,1504,3820,6132,28332,12,-7,7
2018-01-02T12:04:15.312046,1362,1622,-624,948,-10228,20372,-26,-2,7
2018-01-02T12:04:15.519230,1463,954,2906,-4612,1508,9436,8,25,7
2018-01-02T12:04:15.725989,2846,-311,3678,-1332,9072,15228,30,4,7
2018-01-02T12:04:15.932688,1205,-1015,869,2352,-17676,16408,-46,-5,7
2018-01-02T12:04:16.140230,-3400,-2363,2856,628,4244,9608,23,-3,7
2018-01-02T12:04:16.347192,-1695,-624,1922,-1212,-324,14316,-1,4,7
2018-01-02T12:04:16.554116,88,-6930,4559,428,10512,28464,20,0,7
2018-01-02T12:04:16.760894,2373,-900,710,6412,-8848,18236,-24,-17,7
2018-01-02T12:04:16.967865,2199,3639,48,-5052,-588,14076,-2,19,7
2018-01-02T12:04:17.174553,-547,-538,-2066,6544,-23360,20624,-47,-11,7
2018-01-02T12:04:17.381592,-2752,-1602,3040,-1100,7792,15720,26,3,7
2018-01-02T12:04:17.588602,573,-1745,1279,-2208,4116,13072,17,9,7
2018-01-02T12:04:17.795594,2242,81,9,3296,-780,13840,-3,-13,7
2018-01-02T12:04:18.002565,-559,-1724,3042,-1688,-7884,12528,-31,6,7
2018-01-02T12:04:18.209396,2736,-590,1043,3448,-5020,11576,-22,-15,7
2018-01-02T12:04:18.416171,12471,2103,106,3964,16592,32767,26,-6,7
2018-01-02T12:04:18.622855,2161,-2950,1482,7888,-252,12504,0,-32,7
2018-01-02T12:04:18.829595,6189,3191,270,6032,-2956,19736,-8,-16,7
2018-01-02T12:04:19.036743,-3622,-1736,1651,-1972,-9708,1436,-75,11,7
2018-01-02T12:04:19.243821,5621,3547,1540,900,10308,20192,27,-2,7
2018-01-02T12:04:19.450860,-269,-12,1848,528,-416,17844,-1,-1,7
2018-01-02T12:04:19.657646,1490,-775,1251,4228,4640,19156,13,-12,7
2018-01-02T12:04:19.864710,5223,972,278,1708,-3752,19268,-10,-4,7
2018-01-02T12:04:20.071499,-4745,-347,1615,-1332,-5992,8320,-35,7,7
2018-01-02T12:04:20.278413,2623,1220,685,-3760,-5308,16156,-17,12,7
2018-01-02T12:04:20.485224,32767,23533,3401,-3652,32767,32767,44,4,7
2018-01-02T12:04:20.691993,3691,-16585,11555,272,32767,19688,58,0,7
2018-01-02T12:04:20.898821,-26551,-7414,-958,-13620,-12944,11376,-36,38,7
2018-01-02T12:04:21.105961,5213,-91,1147,3504,-10856,22560,-25,-7,7
2018-01-02T12:04:21.313565,1380,891,600,692,-13808,17840,-37,-1,7
2018-01-02T12:04:21.521074,-5410,676,1843,-1952,-9572,11144,-40,7,7
2018-01-02T12:04:21.728190,4467,4911,-1907,4356,-9076,22220,-21,-10,7
2018-01-02T12:04:21.934967,6295,5405,843,-2448,-1252,17756,-3,7,7
2018-01-02T12:04:22.141914,-2614,601,-852,236,-13588,9568,-54,0,7
2018-01-02T12:04:22.349050,-2323,1079,681,472,-11100,11004,-45,-1,7
2018-01-02T12:04:22.556311,32767,26650,-5906,29695,32767,32767,36,-32,7
2018-01-02T12:04:22.763320,-32768,-17880,543,-10672,-32688,11064,-64,17,7
2018-01-02T12:04:22.970571,-1146,2486,-2696,2516,-6576,8588,-36,-13,7
2018-01-02T12:04:23.178747,-4038,-2719,-169,3472,-7744,10736,-34,-14,7
2018-01-02T12:04:24.213053,-682,-1368,4318,-3248,12604,21124,30,7,7
2018-01-02T12:04:24.421054,11138,2930,1013,6800,9696,24980,20,-14,7
2018-01-02T12:04:24.628660,-1719,-491,-480,-4424,-16152,13072,-49,12,7
2018-01-02T12:04:24.838175,521,-1450,1979,1788,8028,15252,27,-5,7
2018-01-02T12:04:25.046026,-6123,-2708,2668,-3540,-2900,3700,-29,36,7
2018-01-02T12:04:25.253676,-2654,-2972,65,4340,-11632,16652,-34,-12,7
2018-01-02T12:04:25.462244,1820,1619,315,2732,-2860,19668,-8,-7,7
2018-01-02T12:04:25.670007,-3161,2483,1356,-8660,-13900,5840,-53,29,7
2018-01-02T12:04:25.878646,-1603,-2100,-1785,5864,-9208,17188,-26,-16,7
2018-01-02T12:04:26.086248,-1617,75,151,-904,-13608,12396,-47,2,7
2018-01-02T12:04:26.293701,2918,-2716,10757,-23584,32767,-20420,46,31,7
2018-01-02T12:04:26.501040,-3231,11519,995,32767,10748,9900,17,-65,7
2018-01-02T12:04:26.707855,-4608,-4411,-895,6304,-1416,6108,-9,-45,7
2018-01-02T12:04:26.914905,-546,4264,-2649,-8944,-9776,17124,-26,24,7
2018-01-02T12:04:27.121620,-564,-3025,1816,-2384,-288,10776,-1,12,7
2018-01-02T12:04:27.328371,778,2263,1416,-11532,684,22684,1,26,7
2018-01-02T12:04:27.538403,-583,21,-4358,2428,-23420,24048,-44,-4,7
2018-01-02T12:04:27.746659,920,-205,-2948,5048,-18652,14712,-50,-11,7
2018-01-02T12:04:27.953374,1206,2757,-1317,-3680,-6156,21296,-15,9,7
2018-01-02T12:04:28.160499,-22,959,279,-3752,-7320,11036,-32,15,7
2018-01-02T12:04:28.367544,2834,424,333,3824,3408,16032,11,-13,7
2018-01-02T12:04:28.574664,2342,808,-1210,1812,-18620,12704,-55,-4,7
2018-01-02T12:04:28.782821,2814,521,705,-4772,-9988,8732,-45,19,7
2018-01-02T12:04:28.989722,-1463,-135,1411,-932,1000,20304,2,2,7
2018-01-02T12:04:29.196762,-153,435,976,-4160,-1868,21860,-4,10,7
2018-01-02T12:04:29.606091,-852,-337,2011,-432,8848,8764,45,1,7
2018-01-02T12:04:29.812849,-1818,917,186,-2756,-5444,15524,-19,9,7
2018-01-02T12:04:31.054272,-3314,2123,3299,-11340,3864,21776,8,27,8
2018-01-02T12:04:31.261125,3822,-5954,581,4456,-13564,13776,-43,-12,8
2018-01-02T12:04:31.467870,2784,-1822,450,1332,-6008,20860,-16,-3,8
2018-01-02T12:04:31.674927,-11801,-9226,8390,-352,-32768,-7572,-76,0,8
2018-01-02T12:04:31.881790,-2531,-6053,3682,6648,-16368,11508,-50,-18,8
2018-01-02T12:04:32.089093,2065,-1411,6318,-5332,24836,20696,49,9,8
2018-01-02T12:04:32.295945,8057,-8095,5212,9976,-2700,23796,-5,-22,8
2018-01-02T12:04:32.503434,1093,2839,1466,6412,6720,5968,37,-35,8
2018-01-02T12:04:32.710270,-2841,-182,2597,-564,15472,16616,42,1,8
2018-01-02T12:04:32.917019,-10689,569,970,1436,-12500,5408,-65,-6,8
2018-01-02T12:04:33.124339,2087,-1148,-2728,1624,-4300,22864,-10,-3,8
2018-01-02T12:04:33.331728,-1061,2488,-7538,-10172,-28652,15748,-56,17,8
2018-01-02T12:04:33.538946,-1779,-864,1156,3508,-32768,15304,-64,-5,8
2018-01-02T12:04:33.745599,3134,-3278,-4276,-13328,5144,32767,8,21,8
2018-01-02T12:04:33.952460,-5684,-5127,-956,-3856,-6696,18088,-19,11,8
2018-01-02T12:04:34.159267,-15684,-1721,53,-1828,-29164,5980,-77,3,8
2018-01-02T12:04:34.365998,-508,5077,-1478,-816,-4124,9096,-24,4,8
2018-01-02T12:04:34.573158,3350,6893,-1591,-11764,12276,31340,20,19,8
2018-01-02T12:04:34.780034,-803,-1078,-384,1300,-10416,12176,-40,-4,8
2018-01-02T12:04:34.987119,-3540,1362,-312,-2312,-7908,20308,-21,6,8
2018-01-02T12:04:35.194154,4642,501,-3032,-1108,13956,17364,38,2,8
2018-01-02T12:04:35.400940,4294,-1528,472,4288,16780,22800,35,-8,8
2018-01-02T12:04:35.608425,308,1193,-2035,2464,-1156,18572,-3,-7,8
2018-01-02T12:04:35.815389,6495,-4149,658,13212,17008,26496,29,-22,8
2018-01-02T12:04:36.022077,1427,1755,677,-1888,6412,14560,23,6,8
2018-01-02T12:04:36.232522,-55,200,1673,-1092,-8488,15748,-28,3,8
2018-01-02T12:04:36.439700,7143,5187,-3140,2348,-3148,25960,-6,-5,8
2018-01-02T12:04:36.646390,2516,1346,1011,-2492,7424,20844,19,6,8
2018-01-02T12:04:36.854563,4427,-5832,675,13424,1080,20316,2,-33,8
2018-01-02T12:04:37.063907,-5601,-4488,1975,1484,-9316,23128,-21,-3,8
2018-01-02T12:04:37.272651,-1632,-2451,1306,-2940,4216,11844,19,13,8
2018-01-02T12:04:37.479651,4010,1179,-1727,7208,-6208,18168,-17,-20,8
2018-01-02T12:04:37.686415,1685,-523,2860,-4136,-2992,17076,-9,13,8
2018-01-02T12:04:37.893297,124,-1378,3494,6676,-3572,17328,-10,-20,8
2018-01-02T12:04:38.100202,4229,5457,1061,-1868,840,15684,3,6,8
2018-01-02T12:04:38.307176,227,3666,1028,2908,6704,9928,32,-13,8
2018-01-02T12:04:38.514156,-8022,-640,-2851,-3876,-7412,10972,-32,16,8
2018-01-02T12:04:38.721480,2201,977,-984,-912,-1532,18540,-4,2,8
2018-01-02T12:04:38.928310,-9030,-6928,1574,4600,-4688,14312,-17,-16,8
2018-01-02T12:04:39.135622,1513,6,-2231,444,-4948,18504,-14,-1,8
2018-01-02T12:04:39.345650,831,-4149,670,6776,4904,17724,14,-20,8
2018-01-02T12:04:39.552757,4691,1713,-676,312,72,20224,0,0,8
2018-01-02T12:04:39.759954,999,-2457,-509,5932,-1472,13040,-5,-24,8
2018-01-02T12:04:39.966723,-2598,-1004,231,1876,-1972,13704,-8,-7,8
2018-01-02T12:04:40.174190,-2868,563,-2254,-192,-2228,16364,-7,0,8
2018-01-02T12:04:40.381405,3214,-67,-1286,792,-3528,13356,-14,-3,8
2018-01-02T12:04:40.588642,-4791,-3765,912,984,-6688,13656,-26,-3,8
2018-01-02T12:04:40.795313,-841,-836,1207,-2260,964,14208,3,9,8
2018-01-02T12:04:41.002249,-330,-38,1453,1808,828,16984,2,-6,8
2018-01-02T12:04:41.209023,413,1087,-2127,1148,-7936,17484,-24,-3,8
2018-01-02T12:04:41.415869,186,-981,-2075,2204,-3836,11168,-18,-10,8
2018-01-02T12:04:41.622934,-792,-3357,5523,2556,-3928,12996,-16,-10,8
2018-01-02T12:04:41.830399,1775,-1536,2732,-48,2592,18324,8,0,8
2018-01-02T12:04:42.037273,-2955,-497,98,3308,-4920,10220,-24,-16,8
2018-01-02T12:04:42.244585,8047,256,-449,7688,988,20876,2,-20,8
2018-01-02T12:04:42.451437,-1568,-2836,2627,-644,4736,15796,16,2,8
2018-01-02T12:04:42.659549,1326,2514,1739,-8,-1076,12848,-4,0,8
2018-01-02T12:04:42.866361,6045,4439,-4116,-5988,-2992,20252,-8,16,8
2018-01-02T12:04:43.073563,1838,-759,-624,-1012,-5196,16044,-17,3,8
2018-01-02T12:04:43.280556,-4347,1600,-1974,-7904,-8544,10396,-33,30,8
2018-01-02T12:04:43.487454,1771,-2161,1511,3556,4592,15840,15,-12,8
2018-01-02T12:04:43.694923,-4220,-4647,3027,1552,-980,14776,-3,-5,8
2018-01-02T12:04:43.901841,1539,354,2212,-3752,8844,19216,24,10,8
2018-01-02T12:04:44.109696,-1044,672,-2458,-108,-4636,19840,-13,0,8
2018-01-02T12:04:44.316486,-2473,2103,-6092,3156,-2672,18620,-8,-9,8
2018-01-02T12:04:44.523529,572,163,-3716,-3504,-808,18324,-2,10,8
2018-01-02T12:04:44.730436,1326,1212,-842,-2792,-2628,18836,-7,8,8
2018-01-02T12:04:44.937267,1632,-3360,-702,-2648,2344,20052,6,7,8
2018-01-02T12:04:45.144052,2348,-4574,3837,-760,336,13844,1,3,8
2018-01-02T12:04:45.350931,-2240,-5280,2238,5476,5148,13612,19,-20,8
2018-01-02T12:04:45.557869,-4598,287,-509,2580,-23520,13568,-59,-5,8
2018-01-02T12:04:45.764834,2710,-1199,2030,4712,-1048,17812,-3,-14,8
2018-01-02T12:04:45.971548,1972,3865,758,-3832,-3256,17048,-10,12,8
2018-01-02T12:04:46.178523,3284,-392,951,4116,-1444,16092,-4,-14,8
2018-01-02T12:04:46.385467,166,-485,527,-7016,960,15428,3,24,8
2018-01-02T12:04:46.592305,2523,-3881,1818,4020,-8244,15640,-27,-12,8
2018-01-02T12:04:46.799273,-3187,623,-2189,2444,-5140,17488,-16,-7,8
2018-01-02T12:04:47.006036,3247,1397,-1038,-1408,-12772,20216,-32,3,8
2018-01-02T12:04:47.212836,1357,2771,-1534,2260,-6236,17464,-19,-6,8
2018-01-02T12:04:47.419878,1558,-3695,3105,-1960,2736,15696,9,7,8
2018-01-02T12:04:47.626743,5734,-3278,3257,-240,6796,20744,18,0,8
2018-01-02T12:04:47.833684,5291,-1709,2918,16624,-9692,13300,-24,-45,8
2018-01-02T12:04:48.040708,1040,5604,-454,-9932,4864,21244,11,24,8
2018-01-02T12:04:48.247607,-2096,-1776,685,756,-5496,14060,-21,-2,8
2018-01-02T12:04:48.454392,51,-194,1350,272,-6044,13876,-23,-1,8
2018-01-02T12:04:48.661361,2043,3053,-2580,2048,-5848,14852,-21,-7,8
2018-01-02T12:04:48.868146,1193,-2754,1172,4544,-652,14264,-2,-17,8
2018-01-02T12:04:49.075301,275,-1496,1157,-504,-2164,14732,-8,1,8
2018-01-02T12:04:49.282236,2686,1583,-461,2328,7024,16024,23,-7,8
2018-01-02T12:04:49.489947,3498,1027,3739,3164,-2220,17560,-7,-10,8
2018-01-02T12:04:49.697219,649,688,1920,-4040,-3060,17144,-9,13,8
2018-01-02T12:04:49.904485,3649,3786,-186,3648,7312,15104,25,-12,8
2018-01-02T12:04:50.111748,19808,8374,-4607,-1716,9584,22700,22,3,8
2018-01-02T12:04:50.318539,-325,-575,4556,-4264,9172,12188,35,15,8
2018-01-02T12:04:50.525701,-2439,-951,359,4496,-5536,15992,-18,-14,8
2018-01-02T12:04:50.732905,-220,-846,850,28,780,16020,2,0,8
2018-01-02T12:04:50.939709,3572,1712,-995,2620,5060,17164,16,-8,8
2018-01-02T12:04:51.146777,-261,-2045,-523,2104,-3332,12292,-14,-9,8
2018-01-02T12:04:51.353586,604,-3892,4578,2384,1784,16676,6,-8,8
2018-01-02T12:04:51.561586,5882,1946,-1458,1612,3824,18000,11,-5,8
2018-01-02T12:04:51.768988,-2906,-1547,1041,-116,-832,12944,-3,0,8
2018-01-02T12:04:51.976494,-173,-2065,3821,2488,10276,14820,34,-7,8
2018-01-02T12:04:52.183931,4421,1006,2315,4904,4664,18612,13,-14,8
2018-01-02T12:04:52.391944,689,-1346,2825,916,1896,17620,6,-2,8
2018-01-02T12:04:52.599548,1741,3859,-2385,-3516,2424,18216,7,10,8
2018-01-02T12:04:52.807389,5805,2878,1531,-2560,4308,18996,12,7,8
2018-01-02T12:04:53.015445,3841,833,-96,216,11680,16504,35,0,8
2018-01-02T12:04:53.223622,1631,1477,32,2512,-276,19800,0,-7,8
2018-01-02T12:04:53.431408,3884,825,1182,1808,2740,15952,9,-6,8
2018-01-02T12:04:53.638844,-2017,-55,392,-3764,-1896,12476,-8,16,8
2018-01-02T12:04:53.846550,2226,-299,729,4132,-576,20192,-1,-11,8
2018-01-02T12:04:54.054076,2911,-1282,-171,-444,4220,16556,14,1,8
2018-01-02T12:04:54.261620,1735,990,-943,1384,636,15992,2,-4,8
2018-01-02T12:04:54.469388,-6078,1409,4832,-5716,-5620,17196,-17,17,8
2018-01-02T12:04:54.676946,629,-2528,1520,64,-1880,15488,-6,0,8
2018-01-02T12:04:54.885313,6142,3725,168,-164,1212,20372,3,0,8
2018-01-02T12:04:55.092282,3562,1238,-1311,1876,1200,17820,3,-5,8
2018-01-02T12:04:55.299072,-725,-976,451,1864,-2692,18968,-8,-5,8
2018-01-02T12:04:55.506100,46,-1226,1472,-820,1808,15372,6,3,8
2018-01-02T12:04:55.712956,2321,185,214,-2564,-3900,16852,-12,8,8
2018-01-02T12:04:55.919705,-205,95,2743,-928,6356,18296,19,2,8
2018-01-02T12:04:56.126653,4388,-991,693,1268,-1044,16648,-3,-4,8
2018-01-02T12:04:56.333560,4055,889,-801,2424,-1728,17712,-5,-7,8
2018-01-02T12:04:56.540855,771,-1899,4539,184,-4240,16596,-14,0,8
2018-01-02T12:04:56.749444,182,-935,4292,3268,13848,22308,31,-7,8
2018-01-02T12:04:56.956323,5629,4236,-1070,-408,9220,21000,23,1,8
2018-01-02T12:04:57.163218,-1602,-412,-770,-3064,-8788,10576,-38,12,8
2018-01-02T12:04:57.370424,18,-3214,1442,2048,8340,17760,25,-5,8
2018-01-02T12:04:57.577896,1965,-1331,3162,3168,140,19448,0,-9,8
2018-01-02T12:04:57.785505,7081,2021,847,4644,-3256,16352,-10,-15,8
2018-01-02T12:04:57.993266,3129,4914,-1350,-1560,-5648,18528,-16,4,8
2018-01-02T12:04:58.201125,-4182,-883,-580,-2488,-4632,16452,-15,8,8
2018-01-02T12:04:58.412849,-1969,-1192,-4096,3436,-8328,15404,-27,-11,8
2018-01-02T12:04:58.620534,768,274,-1995,-2644,-2532,16388,-8,9,8
2018-01-02T12:04:58.827894,685,-2051,485,136,9460,14468,33,0,8
2018-01-02T12:04:59.035489,-2527,-182,371,-5192,-1788,17516,-5,16,8
2018-01-02T12:04:59.243105,1888,147,1242,1540,792,13800,3,-6,8
2018-01-02T12:04:59.450918,-3644,-3835,-119,3248,-784,10308,-4,-17,8
2018-01-02T12:04:59.658610,3555,3354,-2682,-2264,-7688,20620,-20,5,8
2018-01-02T12:04:59.866109,-1894,-4061,4264,204,-4504,23024,-11,0,8
2018-01-02T12:05:00.073617,-3971,-1470,704,-4200,-10068,12816,-36,14,8
2018-01-02T12:05:00.282209,3518,-2495,2268,2404,1572,17692,5,-7,8
2018-01-02T12:05:00.490323,-1036,-2223,-1033,4052,1936,13920,7,-16,8
2018-01-02T12:05:00.697842,5210,4437,-1064,4928,-6636,15632,-22,-16,8
2018-01-02T12:05:00.905475,2782,1946,108,-3880,460,15768,1,13,8
2018-01-02T12:05:01.112747,1171,1873,995,-3480,-1060,22988,-2,8,8
2018-01-02T12:05:01.322540,2044,-926,3939,4900,16920,16844,43,-11,8
2018-01-02T12:05:01.533058,-552,305,2574,-5520,-5728,17180,-17,16,8
2018-01-02T12:05:01.740048,-1394,932,58,4688,7400,20084,19,-12,8
2018-01-02T12:05:01.946879,2084,1210,-1044,-1948,-9392,17304,-28,5,8
2018-01-02T12:05:02.154229,4356,2546,545,1020,-784,18136,-2,-3,8
2018-01-02T12:05:02.361614,3924,2564,-1090,4856,-4420,18416,-13,-14,8
2018-01-02T12:05:02.568871,4638,-2448,653,7204,404,18040,1,-21,8
2018-01-02T12:05:02.776626,2712,1701,-3289,-1084,512,17104,1,3,8
2018-01-02T12:05:02.983334,-2408,2295,-4265,-5536,4320,17708,13,16,8
2018-01-02T12:05:03.190608,-1804,-4080,1369,-3652,-3696,14984,-13,13,8
2018-01-02T12:05:03.397381,3463,-5477,10008,-964,3692,16228,12,3,8
2018-01-02T12:05:03.606559,4259,570,4477,4764,3892,14060,14,-18,8
2018-01-02T12:05:03.813544,-1262,2101,-3669,804,-5212,15120,-18,-2,8
2018-01-02T12:05:04.020895,3206,2352,-2783,1684,-2028,19144,-6,-4,8
2018-01-02T12:05:04.228468,4230,2144,355,-752,6520,18388,19,2,8
2018-01-02T12:05:04.435415,7526,8829,-1901,1640,-2884,11156,-14,-8,8
2018-01-02T12:05:04.642259,-752,-2306,953,2508,-2672,16424,-9,-8,8
2018-01-02T12:05:04.849420,1174,130,2251,352,6856,18256,20,-1,8
2018-01-02T12:05:05.056188,3380,103,-2876,5536,3704,17804,11,-16,8
2018-01-02T12:05:05.263177,1941,2624,-5400,844,6792,12820,27,-3,8
2018-01-02T12:05:05.469947,5339,-6345,6004,11304,-8944,18356,-22,-28,8
2018-01-02T12:05:05.677818,-543,-2514,5776,-3364,-6732,15080,-23,11,8
2018-01-02T12:05:05.884673,4587,1616,2475,5532,5784,16768,18,-17,8
2018-01-02T12:05:06.091697,741,6090,-6792,2792,-5708,17112,-18,-8,8
2018-01-02T12:05:06.299193,-275,-2132,-7568,14956,-12180,8612,-35,-45,8
2018-01-02T12:05:06.506979,3573,-4439,6629,-2668,-1120,18356,-3,8,8
2018-01-02T12:05:06.714472,10265,3270,1515,5576,-11252,26464,-22,-10,8
2018-01-02T12:05:06.922137,5703,2029,1194,3036,6048,16564,19,-9,8
2018-01-02T12:05:07.131411,3374,1849,2331,1816,12572,26360,25,-3,8
2018-01-02T12:05:07.338917,5408,4090,-2639,516,24,18696,0,-1,8
2018-01-02T12:05:07.546626,2215,551,-3454,-36,-2704,17948,-8,0,8
2018-01-02T12:05:07.755211,274,-3338,4045,-3384,-3904,17920,-12,10,8
2018-01-02T12:05:07.964637,-6994,-800,2297,-9604,3164,17380,9,28,8
2018-01-02T12:05:08.172182,53,1346,991,-792,-220,17116,0,2,8
2018-01-02T12:05:08.379923,2576,2267,2973,220,1268,16380,4,0,8
2018-01-02T12:05:08.588060,3174,486,-68,6164,9488,19392,24,-15,8
2018-01-02T12:05:08.795493,-207,2458,-3322,-536,-2508,16280,-8,1,8
2018-01-02T12:05:09.003789,2691,1717,-1732,-452,-9284,15536,-30,1,8
2018-01-02T12:05:09.211531,8985,2135,2834,-2132,11508,13796,39,6,8
2018-01-02T12:05:09.422802,795,2934,481,-780,-4564,19292,-13,2,8
2018-01-02T12:05:09.630637,1068,1198,-3876,2132,8208,23276,19,-4,8
2018-01-02T12:05:09.837514,5119,6,-3893,4092,3008,18560,8,-12,8
2018-01-02T12:05:10.044432,-939,-5012,2434,-140,-8512,14276,-30,0,8
2018-01-02T12:05:10.251389,3472,-1311,5842,-1992,8100,13720,30,7,8
2018-01-02T12:05:10.458338,-2015,-852,2510,-252,-232,17896,0,0,8
2018-01-02T12:05:10.665281,66,545,1462,-2160,-3396,11640,-16,10,8
2018-01-02T12:05:10.872572,3012,1732,-2573,7716,4140,23264,9,-18,8
2018-01-02T12:05:11.079700,1288,-299,2813,-1592,8884,14364,31,5,8
2018-01-02T12:05:11.286502,2560,917,2722,-2884,-3372,16844,-11,9,8
2018-01-02T12:05:11.493404,1785,-1101,5954,-1116,4488,16600,15,3,8
2018-01-02T12:05:11.700408,-974,97,3573,-952,-4076,14808,-15,3,8
2018-01-02T12:05:11.907327,2663,1555,117,444,4632,17148,15,-1,8
2018-01-02T12:05:12.114204,732,2003,-5810,4584,-4408,18456,-13,-13,8
2018-01-02T12:05:12.321176,480,-1,656,-2048,-5756,20932,-15,5,8
2018-01-02T12:05:12.528104,-2865,-2034,-161,1764,1000,19372,2,-5,8
2018-01-02T12:05:12.734846,1138,1034,-4430,-724,-4128,12796,-17,3,8
2018-01-02T12:05:12.941799,2608,1605,-1785,-4180,1252,17316,4,13,8
2018-01-02T12:05:13.149141,1209,-4101,-549,-288,2132,15712,7,1,8
2018-01-02T12:05:13.356485,4487,-1008,-212,64,452,17036,1,0,8
2018-01-02T12:05:13.563367,528,-2146,3177,116,-1960,15156,-7,0,8
2018-01-02T12:05:13.770225,421,-2486,1096,-448,676,16480,2,1,8
2018-01-02T12:05:13.977951,111,-1695,2637,852,-3256,12092,-15,-3,8
2018-01-02T12:05:14.184936,2863,439,2223,-1560,5136,16032,17,5,8
2018-01-02T12:05:14.392353,655,79,-1220,2344,1180,20220,3,-6,8
2018-01-02T12:05:14.599703,4023,4120,1366,-6000,-284,20044,0,16,8
2018-01-02T12:05:14.807511,4188,3840,-1189,-1628,3952,21284,10,4,8
2018-01-02T12:05:15.014592,-1353,1869,-1711,-3908,-4816,18956,-13,11,8
2018-01-02T12:05:15.222067,82,-208,1687,-2204,168,13452,0,9,8
2018-01-02T12:05:15.428886,-2812,-201,-634,-2312,-9164,17792,-27,6,8
2018-01-02T12:05:15.636057,111,-2503,-184,1124,-3460,13876,-13,-4,8
2018-01-02T12:05:15.843538,3813,1776,2036,-5760,-7112,19084,-19,15,8
2018-01-02T12:05:16.050395,317,2389,-2267,-40,-112,12044,0,0,8
2018-01-02T12:05:16.258290,78,-416,-1943,456,-12924,12324,-46,-1,8
2018-01-02T12:05:16.465445,1711,1994,860,-3440,1556,18172,4,10,8
2018-01-02T12:05:16.672461,-494,1706,-3869,-4,-4424,16876,-14,0,8
2018-01-02T12:05:16.879317,-3545,-3594,-2894,3152,-5420,11376,-24,-14,8
2018-01-02T12:05:17.086291,1207,-119,-582,-5120,2684,17600,8,16,8
2018-01-02T12:05:17.293663,3256,-286,3085,-3484,-2704,16988,-8,11,8
2018-01-02T12:05:17.500426,1563,-2391,3507,-1816,3040,14516,11,6,8
2018-01-02T12:05:17.707510,560,-507,6394,-3864,-3216,17404,-10,12,8
2018-01-02T12:05:17.914740,2588,963,2231,-104,2560,20316,7,0,8
2018-01-02T12:05:18.121699,-292,1570,-3865,2036,3708,18760,11,-6,8
2018-01-02T12:05:18.328884,1691,2435,-448,-1264,-9712,18616,-27,3,8
2018-01-02T12:05:18.535953,2148,413,2964,-5856,7876,16340,24,17,8
2018-01-02T12:05:18.742611,1219,395,1330,1340,176,14048,0,-5,8
2018-01-02T12:05:18.949522,1253,-136,3149,420,-556,14384,-2,-1,8
2018-01-02T12:05:19.156366,628,-2256,3854,-684,-728,20876,-1,1,8
2018-01-02T12:05:19.363265,1348,-1379,-870,3184,804,14272,3,-12,8
2018-01-02T12:05:19.570277,2948,1927,3806,-4508,2632,18648,7,13,8
2018-01-02T12:05:19.777109,-3907,240,1605,-540,-1264,13708,-5,2,8
2018-01-02T12:05:19.983957,2992,2820,-5939,560,3584,17656,11,-1,8
2018-01-02T12:05:20.190759,-617,1704,3312,-1768,-3316,13932,-13,7,8
2018-01-02T12:05:20.397993,-2813,-2224,3034,-840,-7004,14164,-26,3,8
2018-01-02T12:05:20.605286,3897,-993,-101,3812,5100,13972,19,-14,8
2018-01-02T12:05:20.812181,-1761,-1889,-2114,4848,-4948,9044,-25,-25,8
2018-01-02T12:05:21.019486,3409,700,-346,-6048,4224,20752,11,15,8
2018-01-02T12:05:21.226332,3470,948,709,-1156,484,16940,1,3,8
2018-01-02T12:05:21.433370,71,4323,2769,-4060,-5788,16560,-18,13,8
2018-01-02T12:05:21.640681,-3398,-3778,2574,3364,-7684,16956,-23,-10,8
2018-01-02T12:05:21.848290,4782,382,1091,-5056,-6960,16236,-22,15,8
2018-01-02T12:05:22.055135,2915,2809,-1126,2960,-6572,10512,-31,-13,8
2018-01-02T12:05:22.261985,-1374,-879,-913,-380,1584,18268,4,1,8
2018-01-02T12:05:22.469327,-5619,-154,-4288,-2996,-12500,11104,-47,10,8
2018-01-02T12:05:22.676064,1696,8308,-5241,-10052,10336,12200,33,32,8
2018-01-02T12:05:22.882890,2229,-1210,-903,-3136,1176,10744,5,16,8
2018-01-02T12:05:23.089656,2188,-5010,1228,-1016,-8528,15340,-29,3,8
2018-01-02T12:05:23.297563,1080,-778,-1459,2456,1272,15932,4,-8,8
2018-01-02T12:05:23.504618,6024,4182,-5037,-3540,3608,24652,8,8,8
2018-01-02T12:05:23.711735,-443,-370,-4668,2184,-7464,14372,-27,-7,8
2018-01-02T12:05:23.919597,-1259,-2155,2247,-2900,3464,15648,12,10,8
2018-01-02T12:05:24.126428,4249,226,3090,-8240,-816,20224,-2,22,8
2018-01-02T12:05:24.333309,4079,1536,1376,52,-2368,16460,-8,0,8
2018-01-02T12:05:24.540499,1947,2710,627,-2124,-3924,13808,-15,8,8
2018-01-02T12:05:24.747346,7020,5022,-4398,316,-4184,22620,-10,0,8
2018-01-02T12:05:24.954550,-848,-1766,-19,340,-956,14636,-3,-1,8
2018-01-02T12:05:25.161402,-1872,859,3784,-1296,-3572,20064,-10,3,8
2018-01-02T12:05:25.368066,-1986,-1692,-2740,1560,-2384,17092,-7,-5,8
2018-01-02T12:05:25.574868,99,647,-1695,-3568,-5488,15888,-18,11,8
2018-01-02T12:05:25.782565,-2193,3717,-1015,-3484,-3432,18056,-10,10,8
2018-01-02T12:05:25.989670,-2229,1735,-4774,-3608,-9468,23208,-21,8,8
2018-01-02T12:05:26.196722,1541,-1692,127,-2680,-4404,15444,-15,9,8
2018-01-02T12:05:26.404295,-3355,-3401,1827,-2592,-8760,12988,-33,9,8
2018-01-02T12:05:26.611184,-1113,-2904,-359,-3572,-3120,17472,-9,11,8
2018-01-02T12:05:26.818327,-1350,-661,1433,-1428,-124,15668,0,5,8
2018-01-02T12:05:27.026155,-894,1048,2221,-232,-7092,14272,-26,0,8
2018-01-02T12:05:27.233003,-3899,-1861,541,16,-1452,15208,-5,0,8
2018-01-02T12:05:27.440078,3451,3375,-165,8,4668,14308,18,0,8
2018-01-02T12:05:27.647006,-805,-3101,2836,-3432,-104,15088,0,12,8
2018-01-02T12:05:27.853635,1825,-2043,449,844,-352,22792,0,-2,8
2018-01-02T12:05:28.060420,2578,1149,-1240,404,2820,17772,9,-1,8
2018-01-02T12:05:28.267436,-915,-196,-68,-2148,-4064,13712,-16,8,8
2018-01-02T12:05:28.474278,-1732,-545,375,-3972,-908,13416,-3,16,8
2018-01-02T12:05:28.681550,-932,346,-2392,732,-2348,15704,-8,-2,8
2018-01-02T12:05:28.888375,172,-2154,2127,-200,-2704,18204,-8,0,8
2018-01-02T12:05:29.095317,-3785,-7319,2253,1236,-3168,12068,-14,-5,8
2018-01-02T12:05:29.302309,493,-1653,1232,960,-3116,13936,-12,-3,8
2018-01-02T12:05:29.509012,436,1300,1372,-680,-4472,18204,-13,2,8
2018-01-02T12:05:29.716006,574,679,1774,-696,1168,16396,4,2,8
2018-01-02T12:05:29.923127,2083,3063,-3995,908,520,20048,1,-2,8
2018-01-02T12:05:30.130099,-3092,-1077,-928,-704,-3756,16904,-12,2,8
2018-01-02T12:05:30.337044,1302,-4518,782,1940,-664,17924,-2,-6,8
2018-01-02T12:05:30.544968,-1924,-2421,-1341,2088,-5088,17992,-15,-6,8
2018-01-02T12:05:30.751785,-1300,-2436,5001,716,-3112,18752,-9,-2,8
2018-01-02T12:05:30.958714,3813,165,3244,36,2356,14496,9,0,8
2018-01-02T12:05:31.166006,508,2066,-1338,2908,-1444,15948,-5,-10,8
2018-01-02T12:05:31.373774,-14450,-5318,3839,6236,-10300,5496,-51,-28,8
2018-01-02T12:05:31.581760,9105,4674,2406,-680,10344,16388,32,2,8
2018-01-02T12:05:31.789395,-8715,2588,-3732,-784,-9012,6544,-53,4,8
2018-01-02T12:05:31.996908,-1109,1121,2422,-1668,-632,17492,-2,5,8
2018-01-02T12:05:32.205231,3820,-2777,6617,-5344,352,13952,1,20,8
2018-01-02T12:05:32.415353,316,-45,3379,-6472,32,17692,0,20,8
2018-01-02T12:05:32.623691,2964,998,919,80,8,17488,0,0,8
2018-01-02T12:05:32.833124,-905,-654,229,5620,-244,13620,0,-22,8
2018-01-02T12:05:33.040753,3995,-739,-1152,1208,88,17860,0,-3,8
2018-01-02T12:05:33.249084,-671,-1358,1416,2280,-2340,15284,-8,-8,8
2018-01-02T12:05:33.456635,2981,1474,297,-1764,524,10616,2,9,8
2018-01-02T12:05:33.664327,3609,-355,3446,1316,8540,16024,27,-4,8
2018-01-02T12:05:33.872148,1117,3621,368,-1832,1292,18632,3,5,8
2018-01-02T12:05:34.079571,711,4134,-2767,2572,1936,14092,7,-10,8
2018-01-02T12:05:34.286898,1276,231,-4868,112,-272,17708,0,0,8
2018-01-02T12:05:34.493883,-8891,2879,-2210,-4772,-10032,13408,-35,15,8
2018-01-02T12:05:34.700738,3098,-2897,5173,-9188,-1416,11780,-5,37,8
2018-01-02T12:05:34.907557,346,-1630,1509,-2976,3300,20456,9,8,8
2018-01-02T12:05:35.114469,1308,3179,-2095,1564,-2208,13548,-9,-6,8
2018-01-02T12:05:35.321277,-1538,-118,-1697,-1844,-360,14320,-1,7,8
2018-01-02T12:05:35.528185,-4118,-1285,-3825,3840,-1480,11484,-6,-18,8
2018-01-02T12:05:35.734941,-18,-718,1638,-8704,2556,14740,8,30,8
2018-01-02T12:05:35.941894,699,-1765,856,-2512,-3800,13672,-15,10,8
2018-01-02T12:05:36.148935,-2526,-2005,-771,-940,4016,16500,13,3,8
2018-01-02T12:05:36.355964,4987,3523,1515,-2096,8616,17880,25,6,8
2018-01-02T12:05:36.562849,-3298,-1601,-1560,3432,-6924,12496,-28,-13,8
2018-01-02T12:05:36.769737,3112,544,-2678,-500,10796,16052,33,1,8
2018-01-02T12:05:36.976607,-5226,-3133,2304,1176,-6988,11652,-30,-4,8
2018-01-02T12:05:37.183652,-317,-919,2712,628,-1556,14788,-6,-2,8
2018-01-02T12:05:37.390614,5290,3578,-2513,-4900,7388,21116,18,12,8
2018-01-02T12:05:37.597362,1988,371,2142,532,-704,11604,-3,-2,8
2018-01-02T12:05:37.805112,-1934,-5459,3672,4780,-2164,15980,-7,-16,8
2018-01-02T12:05:38.011957,2587,1048,-3326,3288,-2500,17368,-8,-10,8
2018-01-02T12:05:38.219757,2736,1182,-1186,2360,-4828,16368,-16,-7,8
2018-01-02T12:05:38.428163,-1966,892,1428,664,-3592,18236,-11,-2,8
2018-01-02T12:05:38.637864,1881,5880,-2814,-4884,5232,16520,16,15,8
2018-01-02T12:05:38.846131,-2360,-135,-936,2996,-1312,17484,-4,-9,8
2018-01-02T12:05:39.053615,-2926,-3831,4313,1736,3960,19540,11,-4,8
2018-01-02T12:05:39.261470,2732,-3250,-834,1860,8928,12900,34,-6,8
2018-01-02T12:05:39.469785,1441,389,3671,-2468,-7896,19204,-22,6,8
2018-01-02T12:05:39.677443,-649,-562,4132,2604,-12328,17536,-34,-6,8
2018-01-02T12:05:39.885048,-3911,-1597,1091,-4648,5156,9716,25,22,8
2018-01-02T12:05:50.057478,-3779,-2429,-219,-7164,6920,8360,32,33,7
2018-01-02T12:05:50.264449,5645,2996,1075,-2532,-880,19024,-2,7,7
2018-01-02T12:05:50.471435,1511,561,1913,-1644,-5424,12772,-22,6,7
2018-01-02T12:05:50.678338,8327,6329,1948,-1280,21828,18044,50,2,7
2018-01-02T12:05:50.885100,7726,2707,401,3984,11284,21356,27,-9,7
2018-01-02T12:05:51.091803,-5644,-4420,2861,568,1324,17464,4,-1,7
2018-01-02T12:05:51.298976,1152,-1756,2213,2392,-4972,17344,-15,-7,7
2018-01-02T12:05:51.505933,5138,2623,649,-5444,1628,22112,4,13,7
2018-01-02T12:05:51.712963,-27,902,2254,-2400,-12128,5272,-64,10,7
2018-01-02T12:05:51.922948,5940,5991,-1002,-1172,6464,18556,19,3,7
2018-01-02T12:05:52.129973,-447,2859,3165,-6072,-1732,12040,-7,26,7
2018-01-02T12:05:52.337264,7034,6244,-1052,-3888,128,23792,0,9,7
2018-01-02T12:05:52.544164,-2753,-1416,530,2660,11228,12444,41,-9,7
2018-01-02T12:05:52.751020,-2598,3221,-3728,-5452,-7356,12308,-28,20,7
2018-01-02T12:05:52.957726,-3084,2837,-3456,3620,-14808,11612,-50,-10,7
2018-01-02T12:05:53.164754,2698,-1639,3355,8312,2268,3448,14,-63,7
2018-01-02T12:05:53.371964,5076,4707,-5521,-5764,11036,21204,26,13,7
2018-01-02T12:05:53.578835,13037,-3597,695,14776,9944,21100,21,-32,7
2018-01-02T12:05:53.785652,-27448,-9034,-1276,-6264,-32768,2404,-78,10,7
2018-01-02T12:05:53.993044,1100,-1515,5367,3388,5288,3416,47,-28,7
2018-01-02T12:05:54.200340,3374,-2581,6665,-964,22936,17472,52,1,7
2018-01-02T12:05:54.407508,-482,686,-7197,-16560,-32768,16920,-54,24,7
2018-01-02T12:05:54.614968,5777,5107,-2038,-13136,-584,25852,-1,26,7
2018-01-02T12:05:54.821798,7997,-582,1354,2608,8024,24196,18,-5,7
2018-01-02T12:05:55.028571,4121,-570,687,1324,4344,22488,10,-3,7
2018-01-02T12:05:55.235376,9914,9815,-5102,-7088,-612,18916,-1,20,7
2018-01-02T12:05:55.442321,3416,1,1625,-5456,-3736,20708,-9,14,7
2018-01-02T12:05:55.649385,-2073,-3370,2419,3080,-7740,15776,-25,-9,7
2018-01-02T12:05:55.856315,-1513,-1916,-3296,3184,-9360,16824,-28,-9,7
2018-01-02T12:05:56.063141,43,-2834,1838,-984,7568,15652,25,3,7
2018-01-02T12:05:56.270183,-955,776,-423,-4848,-8788,17892,-25,13,7
2018-01-02T12:05:56.477240,2059,1170,-526,-1272,-4524,15980,-15,4,7
2018-01-02T12:05:56.684289,8939,2406,-1025,-3076,6300,21620,16,7,7
2018-01-02T12:05:56.891010,-1971,-4160,2487,-1992,-4916,15752,-17,6,7
2018-01-02T12:05:57.098384,-3720,-11558,10376,372,8752,10532,39,-1,7
2018-01-02T12:05:57.305400,-1684,-6048,5760,7216,-21768,18620,-47,-14,7
2018-01-02T12:05:57.512260,-1534,1802,-3126,4340,-22356,11972,-60,-9,7
2018-01-02T12:05:57.719602,2344,5506,-1292,-6256,3760,6260,23,40,7
2018-01-02T12:05:57.926413,138,-125,1168,-2136,-5412,15124,-19,7,7
2018-01-02T12:05:58.133050,-7583,-316,179,-6272,-16036,128,-68,21,7
2018-01-02T12:05:58.340495,1298,2753,-1438,-7180,1548,8692,7,39,7
2018-01-02T12:05:58.547904,-683,-2295,4061,2168,5796,14696,21,-7,7
2018-01-02T12:05:58.754584,-999,-2692,1552,132,-7052,15060,-25,0,7
2018-01-02T12:05:58.961514,862,141,-2069,1948,-2980,16476,-10,-6,7
2018-01-02T12:05:59.168430,-284,880,-3221,-2524,-11452,10964,-45,9,7
2018-01-02T12:05:59.375894,1165,-4799,1337,3396,3260,16332,11,-11,7
2018-01-02T12:05:59.582624,6061,-4243,508,8252,9108,22240,21,-18,7
2018-01-02T12:05:59.789883,-11537,-5060,4059,-252,3896,13952,15,0,7
2018-01-02T12:05:59.996774,-4157,-1885,888,-6744,-13208,8724,-50,23,7
2018-01-02T12:06:00.203416,-10653,-202,923,-5316,-7008,8968,-33,25,7
2018-01-02T12:06:00.410793,7503,1810,2084,284,3000,18420,9,0,7
2018-01-02T12:06:00.618056,1708,2186,-2510,-3960,-28648,2640,-80,7,7
2018-01-02T12:06:00.825127,539,-258,3051,-1860,6136,16544,20,6,7
2018-01-02T12:06:01.032117,2696,1131,604,-7732,-18852,15272,-47,17,7
2018-01-02T12:06:01.238776,-997,-2245,-115,2532,-15564,4476,-71,-8,7
2018-01-02T12:06:01.445533,5741,-636,1443,-3784,-10692,21416,-26,8,7
2018-01-02T12:06:01.652693,832,-1191,2095,-4020,-6612,18000,-19,11,7
2018-01-02T12:06:01.859672,21256,12089,64,-680,31656,32767,44,0,7
2018-01-02T12:06:02.066563,7564,4477,-10179,-29316,-32768,32767,-36,32,7
2018-01-02T12:06:02.273603,24511,22580,-3223,-24636,-4520,20568,-8,49,7
2018-01-02T12:06:02.480474,6456,642,220,2700,-5336,20656,-14,-7,7
2018-01-02T12:06:02.687663,-1119,863,-152,-3944,-5056,12184,-21,16,7
2018-01-02T12:06:02.896015,368,575,-241,-2976,-8064,18332,-23,8,7
2018-01-02T12:06:03.105519,3548,2297,-3828,-3112,-18548,12868,-54,7,7
2018-01-02T12:06:03.313739,932,-1154,2277,-2708,8460,12596,33,10,7
2018-01-02T12:06:03.522310,-3989,-2308,1708,-7040,-22124,26776,-38,11,7
2018-01-02T12:06:03.729821,-4114,-5205,2254,4456,-9792,5868,-53,-21,7
2018-01-02T12:06:03.937255,12110,1346,3479,4672,16144,23704,33,-9,7
2018-01-02T12:06:04.144801,5781,202,1795,-68,4388,20020,12,0,7
2018-01-02T12:06:04.352634,432,2262,1598,1760,2716,11516,13,-8,7
2018-01-02T12:06:04.560919,-32768,-13333,20252,7232,3760,-16172,11,-23,7
2018-01-02T12:06:04.769408,-17849,-10183,10995,12696,-32768,32636,-43,-15,7
2018-01-02T12:06:04.977413,22801,3818,8252,18552,23136,32767,31,-24,7
2018-01-02T12:06:05.185059,-289,994,-2007,-5584,-9500,17900,-26,15,7
2018-01-02T12:06:05.392549,-831,582,-1590,804,-1936,9404,-11,-4,7
2018-01-02T12:06:05.600759,1089,-1101,744,1904,-396,15972,-1,-6,7
2018-01-02T12:06:05.808228,-4858,-3683,2452,-1484,-4840,16020,-16,5,7
2018-01-02T12:06:06.015017,572,-1215,2837,-8,168,15408,0,0,7
2018-01-02T12:06:06.221759,870,-948,612,2176,-1056,15432,-3,-8,7
2018-01-02T12:06:06.428657,-2724,-2858,3583,1736,-3656,9880,-20,-9,7
2018-01-02T12:06:06.635971,-4676,-2523,2369,-1800,-856,12456,-3,8,7
2018-01-02T12:06:06.842974,-1179,-319,656,1496,4760,11060,23,-7,7
2018-01-02T12:06:07.049830,1290,-2015,1913,-4488,6064,19348,16,12,7
2018-01-02T12:06:07.256713,8769,5215,2174,1004,12620,10816,49,-3,7
2018-01-02T12:06:07.463970,2202,-2233,4043,-172,-108,16880,0,0,7
2018-01-02T12:06:07.670632,-3646,-382,3268,-3888,1112,11940,5,17,7
2018-01-02T12:06:07.878582,16618,9638,-871,3340,7696,22356,18,-8,7
2018-01-02T12:06:08.085352,-1387,-1156,-1907,5624,-10412,10956,-40,-20,7
2018-01-02T12:06:08.292182,425,-1048,2323,-7264,-3816,25552,-8,15,7
2018-01-02T12:06:08.499027,2564,3300,1201,-1608,2828,10588,14,8,7
2018-01-02T12:06:08.706048,12195,6633,-1564,-3332,-7444,18468,-21,9,7
2018-01-02T12:06:08.912746,-1274,140,1789,-3252,-2936,14464,-11,12,7
2018-01-02T12:06:09.120554,3824,2055,573,-4168,-2200,16196,-7,14,7
2018-01-02T12:06:09.328136,-8083,-4913,5484,-8324,8720,8572,36,34,7
2018-01-02T12:06:09.536301,4614,36,1955,760,15380,18408,39,-1,7
2018-01-02T12:06:09.743814,-2065,-1444,2478,-8860,6328,18416,17,24,7
2018-01-02T12:06:09.952147,-1110,-954,1818,-2992,-2352,23692,-5,7,7
2018-01-02T12:06:10.159460,556,7843,-5052,4588,32767,32767,44,-5,7
2018-01-02T12:06:10.366526,1418,2255,-2151,-8176,-19028,4776,-63,22,7
2018-01-02T12:06:10.573330,3399,3526,-708,-5944,-17516,21836,-37,11,7
2018-01-02T12:06:10.780284,927,1466,-860,-40,-14828,19744,-36,0,7
2018-01-02T12:06:10.988749,-581,511,3359,1904,11712,16104,35,-5,7
2018-01-02T12:06:11.195765,4526,2652,-1776,-6564,-4816,24828,-10,14,7
2018-01-02T12:06:11.402593,-3736,-145,98,-9928,-11196,5904,-44,38,7
2018-01-02T12:06:11.609719,9322,-1790,2154,-1552,-928,25580,-2,3,7
2018-01-02T12:06:11.817245,-9722,-4372,1379,-5268,-24944,11736,-62,10,7
2018-01-02T12:06:12.024210,15136,765,1933,-620,-3888,26588,-8,1,7
2018-01-02T12:06:12.230959,-679,-376,7062,-5452,1636,14092,6,21,7
2018-01-02T12:06:12.438627,-733,-551,4743,-220,-3536,18012,-11,0,7
2018-01-02T12:06:12.645869,2693,1559,-1226,5996,-7500,21200,-18,-14,7
2018-01-02T12:06:12.852461,-9165,-2190,2132,1120,-17340,6284,-69,-3,7
2018-01-02T12:06:13.059921,-1149,1103,-1915,1188,15272,14684,46,-3,7
2018-01-02T12:06:13.266859,-2729,1724,1557,-11916,1136,22800,2,27,7
2018-01-02T12:06:13.474026,-138,620,-1856,3808,5104,15012,18,-13,7
2018-01-02T12:06:13.680789,690,-3365,-1097,4448,-13840,6528,-60,-16,7
2018-01-02T12:06:13.887554,1877,-774,1907,-1172,-56,16080,0,4,7
2018-01-02T12:06:14.094654,2955,160,471,-1060,520,19656,1,3,7
2018-01-02T12:06:14.301515,-18740,-14276,20622,-188,32767,-11540,70,0,7
2018-01-02T12:06:14.508178,-26624,-32768,32686,-132,18624,4576,76,0,7
2018-01-02T12:06:14.714865,6747,-10618,2795,17400,-32768,32767,-41,-20,7
2018-01-02T12:06:14.921777,-3844,-515,-1641,824,-18192,10620,-59,-2,7
2018-01-02T12:06:15.128541,1239,-2060,344,6452,-13236,10420,-47,-20,7
2018-01-02T12:06:15.335442,7897,-1234,337,908,-9312,22684,-22,-2,7
2018-01-02T12:06:15.542917,-5912,-255,-1236,612,-10428,1724,-80,-3,7
2018-01-02T12:06:15.749869,3834,-617,381,-1260,-960,17796,-3,4,7
2018-01-02T12:06:15.956613,-4754,1667,3781,2376,12244,6364,60,-9,7
2018-01-02T12:06:16.163787,4897,1099,1322,-1244,-7520,21664,-19,3,7
2018-01-02T12:06:16.370935,1313,2624,649,-4400,4156,16028,14,14,7
2018-01-02T12:06:16.577925,8424,-1783,5072,3264,14892,19916,36,-7,7
2018-01-02T12:06:16.784772,7983,1488,-1958,2124,-8880,21108,-22,-5,7
2018-01-02T12:06:16.991748,-1095,2643,-2777,-1672,-12152,8932,-53,6,7
2018-01-02T12:06:17.199452,5515,2798,-4338,-716,-8732,23072,-20,1,7
2018-01-02T12:06:17.406768,765,2531,-5518,-2340,-14636,21288,-34,5,7
2018-01-02T12:06:17.613735,3033,-3203,5209,-3092,-2524,8348,-15,19,7
2018-01-02T12:06:17.820545,-2512,-257,-2168,-2304,3924,9000,22,13,7
2018-01-02T12:06:18.027273,-156,-2846,3456,-10524,-32768,8032,-68,17,7
2018-01-02T12:06:18.234135,-324,108,1152,-352,4524,15984,15,1,7
2018-01-02T12:06:18.441056,6217,544,-2703,-3180,-10740,23620,-24,6,7
2018-01-02T12:06:18.647818,-4335,-1827,1944,-2520,-1148,10204,-6,13,7
2018-01-02T12:06:18.856462,-3954,-1964,-784,1024,5552,11096,26,-4,7
2018-01-02T12:06:19.063407,-11848,-1170,1554,-8796,-13924,5016,-53,30,7
2018-01-02T12:06:19.270547,-5356,-660,1746,48,-3028,5068,-30,0,7
2018-01-02T12:06:19.477303,1225,1346,-1445,0,-16508,10840,-56,0,7
2018-01-02T12:06:19.684067,-5709,-824,-617,420,-11628,11564,-45,-1,7
2018-01-02T12:06:19.891157,-486,1450,-1309,-2764,-20464,9104,-65,7,7
2018-01-02T12:06:20.098229,2903,1377,-2207,1368,-9804,17236,-29,-3,7
2018-01-02T12:06:20.305274,1266,-7,-1833,-5492,-7756,17084,-23,16,7
2018-01-02T12:06:20.512201,2153,-1247,-2026,-188,-2616,17488,-8,0,7
2018-01-02T12:06:20.719105,2063,185,-1925,-1600,-1676,15064,-6,6,7
2018-01-02T12:06:20.927981,-1888,-1519,2059,-2804,-2692,11424,-12,13,7
2018-01-02T12:06:21.135553,2487,-2559,478,-1048,-2340,18024,-7,3,7
2018-01-02T12:06:21.342565,-3701,-2974,1883,-1540,-8096,11380,-35,6,7
2018-01-02T12:06:21.551484,2065,-997,3610,-2072,-1928,19952,-5,5,7
2018-01-02T12:06:21.763651,-1488,550,365,-852,312,16408,1,2,7
2018-01-02T12:06:21.970342,-1554,1442,-1724,-876,-3116,14640,-11,3,7
2018-01-02T12:06:22.177932,5826,1539,134,-3468,6832,19528,19,9,7
2018-01-02T12:06:22.384691,5071,4037,-2924,-6356,2820,18412,8,18,7
2018-01-02T12:06:22.591504,9234,1017,-4164,-1080,-2388,24308,-5,2,7
2018-01-02T12:06:22.798213,1288,-81,284,-12,-7244,14196,-27,0,7
2018-01-02T12:06:23.005179,-2239,20,55,1828,-5584,14000,-21,-6,7
2018-01-02T12:06:23.212043,-1221,-5006,2797,-3704,10252,13364,36,12,7
2018-01-02T12:06:23.418827,1786,939,-1543,4152,-16572,5960,-66,-13,7
2018-01-02T12:06:23.625776,561,-1976,1121,-504,10036,17604,29,1,7
2018-01-02T12:06:23.832730,235,1318,-1333,-2684,-5076,17476,-16,8,7
2018-01-02T12:06:25.076321,1380,-2706,1103,2888,-1440,15604,-5,-10,8
2018-01-02T12:06:25.283147,770,20,524,-288,-6736,23620,-15,0,8
2018-01-02T12:06:25.491277,-2989,898,202,-312,3136,21864,8,0,8
2018-01-02T12:06:25.698218,-577,958,-1531,-1876,-1472,19408,-4,5,8
2018-01-02T12:06:25.905592,866,1829,329,-7836,-7312,21696,-17,18,8
2018-01-02T12:06:26.112927,7980,7275,1412,5788,30532,16576,60,-9,8
2018-01-02T12:06:26.320208,6065,125,540,7344,-4400,22952,-10,-17,8
2018-01-02T12:06:26.527047,-42,-5822,5628,660,13356,14280,43,-1,8
2018-01-02T12:06:26.734508,12556,4561,-1212,8972,32767,25604,50,-12,8
2018-01-02T12:06:26.943212,-4855,-1144,-5121,3124,9944,11552,39,-11,8
2018-01-02T12:06:27.150175,-10157,-7126,-2972,-4904,-32768,18328,-59,7,8
2018-01-02T12:06:27.357790,2438,-6935,3974,6264,16660,11760,51,-17,8
2018-01-02T12:06:27.566145,-26727,-3444,-5635,-9600,-32768,22736,-53,13,8
2018-01-02T12:06:27.773744,11298,-4140,-647,18172,20352,25228,33,-29,8
2018-01-02T12:06:27.981985,-1970,4007,-16867,-32768,-32768,-12408,-43,43,8
2018-01-02T12:06:28.190189,7857,2972,186,-5044,-21468,19964,-46,9,8
2018-01-02T12:06:28.398265,2516,9059,-1669,-5236,-12964,15932,-37,14,8
2018-01-02T12:06:28.606337,-1166,-2609,-479,-2276,9924,6764,54,10,8
2018-01-02T12:06:28.814614,2257,-3610,2785,-500,-2168,18860,-6,1,8
2018-01-02T12:06:29.022138,-5187,-822,-2876,-1196,-17144,20736,-39,2,8
2018-01-02T12:06:29.230152,4258,1447,1675,-3416,9084,29156,17,6,8
2018-01-02T12:06:29.437628,2225,2046,-529,-3784,-2412,13716,-9,15,8
2018-01-02T12:06:29.645816,5570,514,-2077,6136,-7084,15580,-22,-19,8
2018-01-02T12:06:29.853578,-7313,-7585,2389,11924,-1148,10392,-4,-48,8
2018-01-02T12:06:30.061991,4085,2776,-2298,3888,-9416,15300,-30,-12,8
2018-01-02T12:06:30.269723,8083,4310,-4973,3056,-4968,17740,-15,-9,8
2018-01-02T12:06:30.477435,9989,3213,-2509,920,5372,19636,15,-2,8
2018-01-02T12:06:30.684723,-4334,173,-3423,-2876,-8644,7536,-46,14,8
2018-01-02T12:06:30.891758,-4632,-3833,1420,-5152,-7100,15856,-23,16,8
2018-01-02T12:06:31.098883,-750,-499,2577,-8092,-7164,18044,-19,22,8
2018-01-02T12:06:31.305757,1047,310,746,-716,28,12484,0,3,8
2018-01-02T12:06:31.512998,-8048,-10,2425,740,-168,13876,0,-3,8
2018-01-02T12:06:31.720084,10090,1219,454,5540,7040,17604,20,-16,8
2018-01-02T12:06:31.930834,4600,3379,812,-848,1120,22644,2,2,8
2018-01-02T12:06:32.137553,2293,3758,-5800,4460,-3664,12700,-15,-18,8
2018-01-02T12:06:32.344716,-1010,781,-2808,-3372,-8344,16708,-26,10,8
2018-01-02T12:06:32.552050,79,-1608,-2645,6640,3064,13880,11,-25,8
2018-01-02T12:06:32.758888,4211,-783,-2998,-1232,3672,14044,14,4,8
2018-01-02T12:06:32.966107,444,-2487,1805,-888,-4276,16812,-14,2,8
2018-01-02T12:06:33.173081,5063,-1914,4000,-3532,976,16752,3,11,8
2018-01-02T12:06:33.380205,348,-3046,5402,304,7040,17704,21,0,8
2018-01-02T12:06:33.587069,-2432,-5144,1679,9868,9712,13248,30,-30,8
2018-01-02T12:06:33.795433,-2885,-7175,2654,8952,-14240,16360,-37,-22,8
2018-01-02T12:06:34.002209,-1799,-675,-1883,6344,-4740,18920,-13,-18,8
2018-01-02T12:06:34.208990,-5594,-3156,2085,1932,-9756,15784,-31,-5,8
2018-01-02T12:06:34.415828,-1297,-2097,61,1400,-1564,19564,-4,-4,8
2018-01-02T12:06:34.622531,-5147,-5353,1871,1680,-9468,7916,-49,-7,8
2018-01-02T12:06:34.829629,3107,5956,-1438,-3564,-9772,15076,-32,11,8
2018-01-02T12:06:35.036341,8296,7643,-1538,1412,11480,19964,29,-3,8
2018-01-02T12:06:35.243714,967,159,1965,2940,164,15880,0,-10,8
2018-01-02T12:06:35.450833,1542,-3466,5186,1972,-4484,11092,-21,-9,8
2018-01-02T12:06:35.657508,-2589,870,-4214,2428,1316,16472,4,-8,8
2018-01-02T12:06:35.864431,-4161,1194,-2106,140,-6660,13884,-25,0,8
2018-01-02T12:06:36.071393,4814,2242,1525,3664,3372,18032,10,-11,8
2018-01-02T12:06:36.278197,5061,2633,1218,-2720,4776,17040,15,8,8
2018-01-02T12:06:36.485108,-22,1477,-2630,-2952,-2324,16188,-8,10,8
2018-01-02T12:06:36.692709,1226,-754,914,-524,1040,13936,4,2,8
2018-01-02T12:06:36.900007,1770,622,-2027,-932,-2704,11516,-13,4,8
2018-01-02T12:06:37.107197,2190,-2227,4812,-8,-1668,15572,-6,0,8
2018-01-02T12:06:37.315589,3576,3003,-813,1496,5268,18796,15,-4,8
2018-01-02T12:06:37.523224,504,1122,-248,2792,-812,18336,-2,-8,8
2018-01-02T12:06:37.730705,2154,-310,-2640,876,-3380,13892,-13,-3,8
2018-01-02T12:06:37.938440,1942,-2592,4530,-140,2796,16528,9,0,8
2018-01-02T12:06:38.149585,3854,3513,-5171,-1832,7160,18292,21,5,8
2018-01-02T12:06:38.357399,924,3646,477,544,3272,15860,11,-1,8
2018-01-02T12:06:38.564947,-6287,-5704,-1518,-772,700,13004,3,3,8
2018-01-02T12:06:38.772328,-8005,-3493,7504,3396,-5256,13964,-20,-12,8
2018-01-02T12:06:38.982403,11564,-2786,750,3856,3108,21520,8,-10,8
2018-01-02T12:06:39.190976,-92,645,-1172,-2804,5328,16216,17,9,8
2018-01-02T12:06:39.398396,-2110,-1547,-580,3316,-2212,14240,-8,-12,8
2018-01-02T12:06:39.607257,-282,688,-3062,5372,4568,16036,15,-17,8
2018-01-02T12:06:39.814745,-3536,-2679,3205,-1636,4464,16188,15,5,8
2018-01-02T12:06:40.022378,-829,780,-1859,-1020,-4796,17108,-15,3,8
2018-01-02T12:06:40.229938,-1852,-2148,2058,-2352,-7340,16992,-23,7,8
2018-01-02T12:06:40.436866,3470,2082,-4042,3064,-10188,13852,-35,-10,8
2018-01-02T12:06:40.643583,-3188,-2853,275,2048,-2640,10360,-14,-10,8
2018-01-02T12:06:40.850460,-6020,-6165,8392,-3716,-12300,11776,-44,12,8
2018-01-02T12:06:41.057209,3998,3536,1697,3340,320,14656,1,-12,8
2018-01-02T12:06:41.264070,-293,5123,-7272,6184,-2340,21932,-5,-15,8
2018-01-02T12:06:41.471118,2762,-597,-5265,-2704,-2040,15552,-7,9,8
2018-01-02T12:06:41.677986,3293,-3322,-436,3428,524,13340,2,-14,8
2018-01-02T12:06:41.884712,2920,2811,-1696,-20,-3736,18552,-11,0,8
2018-01-02T12:06:42.092591,-4161,-3220,-14,-2356,-2444,14316,-9,9,8
2018-01-02T12:06:42.301842,-1439,70,2062,-2972,168,16880,0,9,8
2018-01-02T12:06:42.509317,-1134,-3732,1486,6956,-2476,12656,-9,-28,8
2018-01-02T12:06:42.717641,-541,-5039,6858,5352,596,20220,1,-14,8
2018-01-02T12:06:42.925160,7433,5018,-3572,1860,7176,18772,20,-5,8
2018-01-02T12:06:43.132913,1245,2117,-313,428,-3740,10552,-19,-2,8
2018-01-02T12:06:43.340425,-9576,-4257,2998,-3236,-14840,14516,-44,8,8
2018-01-02T12:06:43.548673,1255,2374,942,3288,-7304,13996,-26,-11,8
2018-01-02T12:06:43.757014,-2722,-4050,6404,500,-12212,11484,-46,-1,8
2018-01-02T12:06:43.965588,-1957,1855,671,6304,-9632,18496,-26,-16,8
2018-01-02T12:06:44.173110,2696,833,2984,9312,-1896,20456,-4,-24,8
2018-01-02T12:06:44.380908,2961,3112,-5144,3176,-5444,16260,-18,-10,8
2018-01-02T12:06:44.588814,4013,2485,-204,3380,3772,19264,10,-9,8
2018-01-02T12:06:44.796254,2199,-1985,1852,536,3276,13984,13,-2,8
2018-01-02T12:06:45.003797,3323,890,-2819,3072,-6980,17360,-21,-9,8
2018-01-02T12:06:45.213238,-2283,-1180,1742,-1656,-5912,14344,-22,6,8
2018-01-02T12:06:45.420672,1210,-1469,453,5160,88,20016,0,-14,8
2018-01-02T12:06:45.627764,2879,-1932,3444,4952,3400,16488,11,-16,8
2018-01-02T12:06:45.834768,2689,3562,546,-512,-2788,19792,-8,1,8
2018-01-02T12:06:46.041845,-4835,-232,394,-1040,1220,12568,5,4,8
2018-01-02T12:06:46.249606,3008,1408,-881,3104,-3108,13952,-12,-12,8
2018-01-02T12:06:46.456321,-535,-1195,-1215,-464,6860,18520,20,1,8
2018-01-02T12:06:46.663619,1805,550,1233,-968,512,14076,2,3,8
2018-01-02T12:06:46.871211,-1280,-2069,4857,1240,-3320,15364,-12,-4,8
2018-01-02T12:06:47.078017,-1030,720,-1661,2544,2880,18508,8,-7,8
2018-01-02T12:06:47.285268,-304,1535,-594,-5384,-1460,15984,-4,18,8
2018-01-02T12:06:47.492494,696,-2294,-238,1408,-5616,19496,-16,-3,8
2018-01-02T12:06:47.700378,-5261,-3832,1637,3688,-6928,13152,-26,-13,8
2018-01-02T12:06:47.907425,1047,265,4752,3284,-4440,16196,-15,-11,8
2018-01-02T12:06:48.114732,463,1819,-1541,-1456,7316,18848,21,4,8
2018-01-02T12:06:48.321413,1807,1589,-1404,-1592,-1092,13880,-4,6,8
2018-01-02T12:06:48.528374,447,2666,-3685,472,68,17228,0,-1,8
2018-01-02T12:06:48.735843,-41,2083,-1602,-4448,8,15920,0,15,8
2018-01-02T12:06:48.943143,-419,-3415,2628,4488,3264,20612,8,-12,8
2018-01-02T12:06:49.152006,2879,612,-658,2648,-2768,18164,-8,-8,8
2018-01-02T12:06:49.360354,659,-1838,-680,7488,708,11900,2,-32,8
2018-01-02T12:06:49.568026,-355,-1198,110,-708,-7448,16420,-24,2,8
2018-01-02T12:06:49.775557,3467,-33,3425,1852,1144,13624,4,-7,8
2018-01-02T12:06:49.983247,1064,-2797,3397,3436,-1612,17584,-5,-11,8
2018-01-02T12:06:50.191483,4997,-1963,1321,600,9644,16116,30,-1,8
2018-01-02T12:06:50.399976,-1860,1032,-324,2736,-8944,13496,-33,-9,8
2018-01-02T12:06:50.607678,114,748,-1642,7532,-464,11672,-1,-32,8
2018-01-02T12:06:50.815947,4083,-553,-1923,8652,368,17932,1,-25,8
2018-01-02T12:06:51.023537,-1206,-758,1326,-5768,2644,18160,7,17,8
2018-01-02T12:06:51.231442,547,-1641,2422,-1048,-532,19768,-1,3,8
2018-01-02T12:06:51.441199,-3396,-604,399,160,4096,18568,12,0,8
2018-01-02T12:06:51.649314,-3227,-214,1150,-568,-4256,14132,-16,2,8
2018-01-02T12:06:51.856888,746,-1133,486,5212,-6468,17176,-19,-15,8
2018-01-02T12:06:52.064337,-4863,-7252,2713,4124,2840,10436,14,-20,8
2018-01-02T12:06:52.271894,6549,-2521,5249,4256,2932,7336,19,-28,8
2018-01-02T12:06:52.479428,-1507,524,1533,-80,-1736,16968,-5,0,8
2018-01-02T12:06:52.686447,3822,3632,-2588,920,932,11948,4,-4,8
2018-01-02T12:06:52.893150,2901,2425,-1180,4768,-4000,16156,-13,-15,8
2018-01-02T12:06:53.100551,-175,-1703,-2740,-88,-1688,13372,-7,0,8
2018-01-02T12:06:53.307673,4431,-266,-116,5944,3456,16488,11,-19,8
2018-01-02T12:06:53.514504,-6,-1932,4787,-724,-828,16116,-2,2,8
2018-01-02T12:06:53.725712,-10290,-3683,6162,-6456,-3576,10724,-15,29,8
2018-01-02T12:06:53.932449,4598,4208,-6322,3896,-26520,14436,-60,-7,8
2018-01-02T12:06:54.139390,-3406,117,1876,-392,-9412,12328,-37,1,8
2018-01-02T12:06:54.346590,14485,2379,-2474,13768,-432,21240,0,-32,8
2018-01-02T12:06:54.554192,3859,-434,607,6836,6176,18108,17,-19,8
2018-01-02T12:06:54.761505,-11072,-5450,7954,-3652,-4084,10788,-19,17,8
2018-01-02T12:06:54.968664,-4497,-2217,3789,-3480,7812,12084,31,13,8
2018-01-02T12:06:55.176849,-2325,-777,-201,5508,-5012,13712,-18,-20,8
2018-01-02T12:06:55.387889,318,-1406,2549,312,-2356,16276,-8,-1,8
2018-01-02T12:06:55.597646,1691,2026,-3893,2620,3116,19560,8,-7,8
2018-01-02T12:06:55.805336,-2225,4876,-5061,-9684,-16072,16544,-39,22,8
2018-01-02T12:06:56.012902,993,-3877,3253,3752,-6612,12464,-26,-14,8
2018-01-02T12:06:56.220725,4587,2801,-1851,4784,-308,20176,0,-13,8
2018-01-02T12:06:56.428133,-4067,658,-2378,-872,-10104,10508,-43,3,8
2018-01-02T12:06:56.635998,478,1243,412,-2872,1740,15472,6,10,8
2018-01-02T12:06:56.843520,-433,-26,-2029,2996,-6956,16248,-22,-9,8
2018-01-02T12:06:57.051495,147,-1030,835,-2004,-4280,17488,-13,6,8
2018-01-02T12:06:57.259037,1395,-525,1524,3536,-1836,19604,-5,-10,8
2018-01-02T12:06:57.467412,-2869,-2839,1570,5252,-1748,14648,-6,-19,8
2018-01-02T12:06:57.675038,-1090,51,1550,-3264,-1708,15664,-6,11,8
2018-01-02T12:06:57.882460,-1306,-2714,3750,4492,-4884,12916,-19,-18,8
2018-01-02T12:06:58.090355,1034,-837,5556,5668,680,15980,2,-19,8
2018-01-02T12:06:58.297546,853,1051,-2308,-464,4020,10916,20,2,8
2018-01-02T12:06:58.505080,-4918,544,-2227,1456,-15324,20892,-36,-3,8
2018-01-02T12:06:58.712519,1367,-4269,2785,2004,-748,19632,-2,-5,8
2018-01-02T12:06:58.919628,1893,-1711,2074,6532,5404,18696,15,-18,8
2018-01-02T12:06:59.126928,1429,599,-1410,4244,4324,19080,12,-12,8
2018-01-02T12:06:59.333749,3245,585,867,3800,-8632,17104,-26,-11,8
2018-01-02T12:06:59.540763,5212,-1708,1722,11728,13336,27680,23,-20,8
2018-01-02T12:06:59.747990,3289,790,-357,2056,7148,18600,20,-5,8
2018-01-02T12:06:59.954888,4,-3393,3316,4668,5448,11532,23,-20,8
2018-01-02T12:07:00.161805,4624,1997,682,1412,-4380,16664,-14,-4,8
2018-01-02T12:07:00.368529,2729,3044,-2562,-976,416,18972,1,2,8
2018-01-02T12:07:00.576547,2048,1081,-186,6704,7896,20004,20,-17,8
2018-01-02T12:07:00.783787,7440,2625,-512,10844,9224,30596,15,-18,8
2018-01-02T12:07:00.990581,5221,5265,-5744,-724,5428,16404,18,2,8
2018-01-02T12:07:01.201639,943,-2730,1870,1156,6848,13628,26,-4,8
2018-01-02T12:07:01.408844,-1012,3309,4533,-17952,-9140,19196,-19,40,8
2018-01-02T12:07:01.616872,-1378,-1642,-227,-6832,2384,14484,8,24,8
2018-01-02T12:07:01.824643,2602,3645,1335,-7356,-5476,15840,-17,23,8
2018-01-02T12:07:02.032424,286,-2001,1637,2496,-1980,15964,-6,-8,8
2018-01-02T12:07:02.240459,-7352,-2923,2978,1800,-2156,10876,-11,-9,8
2018-01-02T12:07:02.447961,-747,-3292,2435,4480,-1696,15948,-5,-15,8
2018-01-02T12:07:02.655800,-1367,1296,-903,1236,2124,16400,7,-4,8
2018-01-02T12:07:02.863576,1098,3578,-4663,-1816,-3772,16340,-12,6,8
2018-01-02T12:07:03.071404,-1116,-3531,3208,4640,-2220,15208,-7,-16,8
2018-01-02T12:07:03.279031,2525,963,-2289,1884,7812,18576,22,-5,8
2018-01-02T12:07:03.486654,-5674,-193,-2468,-5188,-9656,7880,-45,22,8
2018-01-02T12:07:03.694198,2871,-471,2853,3672,-668,14708,-2,-14,8
2018-01-02T12:07:03.902637,-494,-2888,1655,1400,-2876,17292,-9,-4,8
2018-01-02T12:07:04.110451,1461,1001,-1622,1152,604,16008,2,-4,8
2018-01-02T12:07:04.318138,2035,4261,-3248,2652,-3132,15848,-11,-9,8
2018-01-02T12:07:04.525742,3731,-2253,-754,3608,-296,16484,-1,-12,8
2018-01-02T12:07:04.733230,-1994,-2497,3478,976,-4240,13848,-16,-3,8
2018-01-02T12:07:04.940164,-3530,-4296,6989,-940,-1796,14224,-7,3,8
2018-01-02T12:07:05.147155,954,399,1387,4052,4104,14492,15,-15,8
2018-01-02T12:07:05.353899,-2249,1881,-1144,828,-3648,9276,-21,-4,8
2018-01-02T12:07:05.560788,-1562,-1300,842,-1416,-3268,8232,-21,9,8
2018-01-02T12:07:05.767620,4959,-1111,427,6236,3272,20508,8,-16,8
2018-01-02T12:07:05.974287,-4904,-1581,1927,244,2376,14508,9,0,8
2018-01-02T12:07:06.181557,2993,-1878,2458,452,8100,16612,25,-1,8
2018-01-02T12:07:06.388462,1873,818,-1117,5028,2828,13220,11,-20,8
2018-01-02T12:07:06.595537,-9273,-3788,2017,-80,-21640,15924,-53,0,8
2018-01-02T12:07:06.803322,5428,1504,299,2376,1712,21948,4,-6,8
2018-01-02T12:07:07.010794,-367,1417,-1318,1268,-1128,19964,-3,-3,8
2018-01-02T12:07:07.218641,-1133,-2808,5708,-1536,-3128,14240,-12,6,8
2018-01-02T12:07:07.426820,19,845,1030,-468,3044,16512,10,1,8
2018-01-02T12:07:07.634591,-2193,2612,-3434,-1624,1216,16552,4,5,8
2018-01-02T12:07:07.842398,-2805,-637,-1065,-3024,-4692,13908,-18,11,8
2018-01-02T12:07:08.050096,-707,-2926,-1758,5604,-120,14360,0,-21,8
2018-01-02T12:07:08.258631,475,-1186,2187,-716,-3848,11764,-18,3,8
2018-01-02T12:07:08.466863,4020,612,1320,4244,-40,17236,0,-13,8
2018-01-02T12:07:08.675070,396,2617,-3106,-880,440,17732,1,2,8
2018-01-02T12:07:08.883313,4559,-1312,2295,6392,1464,17496,4,-20,8
2018-01-02T12:07:09.091841,1676,-932,1192,160,288,14024,1,0,8
2018-01-02T12:07:09.300967,5450,3318,1163,2700,-720,23172,-1,-6,8
2018-01-02T12:07:09.509334,-107,1294,2785,-2244,968,15640,3,8,8
2018-01-02T12:07:09.717050,-2583,1745,-1267,88,-952,16244,-3,0,8
2018-01-02T12:07:09.924523,2979,960,-1203,4728,-4028,17216,-12,-14,8
2018-01-02T12:07:10.131590,-502,-981,-430,1296,-2220,13588,-9,-5,8
2018-01-02T12:07:10.338560,2819,290,1489,1208,-2372,19564,-6,-3,8
2018-01-02T12:07:10.545389,7,-761,3018,1708,-1204,17136,-3,-5,8
2018-01-02T12:07:10.752283,26,1523,-580,-3100,2224,16172,7,10,8
2018-01-02T12:07:10.958967,-2332,-867,-163,2852,2352,15664,8,-10,8
2018-01-02T12:07:11.166407,3340,-1200,904,7548,-6604,18416,-18,-21,8
2018-01-02T12:07:11.373503,-84,-1774,-265,2116,-1600,19644,-4,-6,8
2018-01-02T12:07:11.580842,-1655,-1947,1810,1124,-1508,13252,-6,-4,8
2018-01-02T12:07:11.787889,3992,93,462,2140,4728,19700,13,-6,8
2018-01-02T12:07:11.994649,278,-664,1271,-56,-2640,17696,-8,0,8
2018-01-02T12:07:12.201855,1554,-145,818,4580,-8436,20076,-22,-11,8
2018-01-02T12:07:12.408962,-432,-1242,2213,3144,5924,14708,21,-11,8
2018-01-02T12:07:12.615850,406,-1469,86,7584,-5420,14404,-18,-26,8
2018-01-02T12:07:12.822903,-6175,-5417,7206,1264,-4528,11872,-20,-5,8
2018-01-02T12:07:13.029893,2506,4853,-1578,1324,-5736,19540,-16,-3,8
2018-01-02T12:07:13.237081,-680,4309,-4854,276,-2376,14340,-9,-1,8
2018-01-02T12:07:13.444760,-4936,1384,-2935,-2684,-2020,16360,-6,9,8
2018-01-02T12:07:13.651768,1534,163,-2568,6036,-1784,16128,-5,-20,8
2018-01-02T12:07:13.858566,-2548,-1624,763,-4272,-3468,18360,-10,12,8
2018-01-02T12:07:14.065549,4500,-2218,2593,1848,-3512,22064,-9,-4,8
2018-01-02T12:07:14.272929,-1348,56,-144,8124,-4328,13624,-15,-29,8
2018-01-02T12:07:14.480537,3468,1937,-2883,1416,2044,13676,8,-5,8
2018-01-02T12:07:14.688580,5577,-302,4157,3328,-8260,19224,-22,-9,8
2018-01-02T12:07:14.895340,3207,1051,670,3060,-512,15492,-1,-11,8
2018-01-02T12:07:15.102663,571,2676,914,-2336,4884,10544,24,11,8
2018-01-02T12:07:15.309681,-2688,-3716,7224,-4092,4528,17276,14,12,8
2018-01-02T12:07:15.516854,6795,1230,1652,6464,3556,14776,12,-23,8
2018-01-02T12:07:15.724138,-483,-691,1206,3544,-1008,12824,-4,-15,8
2018-01-02T12:07:15.930960,1870,-926,768,2012,-7104,16120,-23,-6,8
2018-01-02T12:07:16.137848,-3204,911,-1014,336,3024,14192,12,-1,8
2018-01-02T12:07:16.345037,1949,1131,698,2508,-5448,17440,-17,-7,8
2018-01-02T12:07:16.552540,-1333,1501,26,356,896,16172,3,-1,8
2018-01-02T12:07:16.760365,-2027,638,-175,-3060,-3764,12632,-16,13,8
2018-01-02T12:07:16.968115,3781,-1971,-387,5500,6144,16032,19,-17,8
2018-01-02T12:07:17.175807,5280,728,198,-364,11940,19272,31,0,8
2018-01-02T12:07:17.383669,859,-1988,5181,-2272,8,12064,0,10,8
2018-01-02T12:07:17.591349,468,1077,232,3796,108,13092,0,-16,8
2018-01-02T12:07:17.798815,3084,1285,-1852,-2128,6720,9148,35,10,8
2018-01-02T12:07:18.006790,-10340,-2369,480,2460,-3852,12436,-16,-10,8
2018-01-02T12:07:18.214309,3721,-517,499,3824,2044,17136,6,-12,8
2018-01-02T12:07:18.422087,-3785,-2272,3053,-2972,-3548,18584,-10,8,8
2018-01-02T12:07:18.629545,2488,2105,191,2068,-1720,20112,-4,-5,8
2018-01-02T12:07:18.837081,654,2735,-277,-252,-5284,15824,-18,0,8
2018-01-02T12:07:19.044636,4335,-127,356,3204,3352,16608,11,-10,8
2018-01-02T12:07:19.262811,2452,483,-1418,1524,-2280,18028,-7,-4,8
2018-01-02T12:07:19.470531,4267,1148,483,-3824,288,18064,0,11,8
2018-01-02T12:07:19.678188,-1647,1828,-1527,-4676,-9660,17332,-28,13,8
2018-01-02T12:07:19.885080,-102,-895,2880,-2052,3912,17444,12,6,8
2018-01-02T12:07:20.092406,-891,601,-373,2868,-2124,17992,-6,-8,8
2018-01-02T12:07:20.299545,-223,-794,-3493,508,-5328,18088,-16,-1,8
2018-01-02T12:07:20.506878,1261,-920,-856,664,520,12556,2,-3,8
2018-01-02T12:07:20.713829,2991,-2003,5145,8580,-1696,15548,-5,-28,8
2018-01-02T12:07:20.920665,-317,-400,-59,1280,-6500,18312,-19,-3,8
2018-01-02T12:07:21.127630,577,-908,1143,2744,3348,15624,11,-9,8
2018-01-02T12:07:21.334453,2467,-747,202,5108,5028,15892,16,-17,8
2018-01-02T12:07:21.541179,-1270,-915,-1124,3952,2728,17680,8,-12,8
2018-01-02T12:07:21.747942,507,652,876,-520,-4680,18016,-14,1,8
2018-01-02T12:07:21.954882,6326,2487,-891,5820,4936,17260,15,-17,8
2018-01-02T12:07:22.162057,-2258,2289,-584,-4576,-5384,13808,-20,17,8
2018-01-02T12:07:22.369003,3285,-423,2248,1384,260,17924,0,-4,8
2018-01-02T12:07:22.576076,1340,761,-937,-1140,3904,21016,10,3,8
2018-01-02T12:07:22.782855,438,238,-2948,5892,-4528,11964,-18,-24,8
2018-01-02T12:07:22.989774,2629,-2468,3638,100,5056,18816,15,0,8
2018-01-02T12:07:23.197067,278,-1434,563,764,-2900,17136,-9,-2,8
2018-01-02T12:07:23.404227,-5419,-2372,2762,-3320,-3792,3588,-37,32,8
2018-01-02T12:07:23.611427,-298,-1666,2372,-832,-1584,7876,-11,5,8
2018-01-02T12:07:23.819392,-24,-873,-828,4360,-10308,21964,-24,-10,8
2018-01-02T12:07:24.027059,15346,2558,-4883,5496,-17656,16076,-46,-12,8
2018-01-02T12:07:24.235559,774,-485,1168,760,-6384,21604,-16,-1,8
2018-01-02T12:07:24.443273,1806,1095,-1451,5644,8540,17348,25,-16,8
2018-01-02T12:07:24.652181,1937,329,836,1076,10636,23616,24,-2,8
2018-01-02T12:07:24.860194,177,936,-724,-812,-8648,11464,-36,3,8
2018-01-02T12:07:25.067935,-2215,1202,-4401,1120,-1772,16972,-5,-3,8
2018-01-02T12:07:25.276042,-213,-633,-664,-704,-4236,16380,-14,2,8
2018-01-02T12:07:25.485716,-2849,-526,854,-3796,3232,19012,9,11,8
2018-01-02T12:07:25.695947,2124,967,-5106,6984,5516,17160,16,-21,8
2018-01-02T12:07:25.903518,5458,270,-1431,5092,168,14896,0,-18,8
2018-01-02T12:07:26.115798,1372,-2616,1035,300,-13544,14952,-42,0,8
2018-01-02T12:07:26.323686,2022,273,-701,1976,-4208,21620,-10,-5,8
2018-01-02T12:07:26.531371,-2528,-823,-175,464,-3192,14968,-12,-1,8
2018-01-02T12:07:26.739032,3737,735,1440,824,3276,17128,10,-2,8
2018-01-02T12:07:26.946378,-2692,-703,4409,-5532,-9752,13868,-33,18,8
2018-01-02T12:07:27.153269,4807,673,3183,6388,4116,20860,10,-16,8
2018-01-02T12:07:27.360330,-2483,5194,-7451,-676,-4664,14684,-17,2,8
2018-01-02T12:07:27.567386,-2053,2059,-4514,276,-1648,18524,-5,0,8
2018-01-02T12:07:27.774132,5189,-3399,1945,3748,10172,19168,27,-9,8
2018-01-02T12:07:27.981182,3543,2690,-3117,928,2844,15076,10,-3,8
2018-01-02T12:07:28.188202,2618,-2233,3065,920,7148,17304,22,-2,8
2018-01-02T12:07:28.395114,2301,-978,2162,1968,1480,20664,4,-5,8
2018-01-02T12:07:28.601835,2644,642,-2834,5632,-1428,15580,-4,-19,8
2018-01-02T12:07:28.808488,6741,-10436,2355,-580,-14584,32767,-23,0,8
2018-01-02T12:07:29.015384,3336,-1167,-3318,5576,-25040,10048,-65,-11,8
2018-01-02T12:07:29.222156,506,1793,-2167,-6336,-3256,16900,-10,20,8
2018-01-02T12:07:29.429193,1000,-3136,4886,-4956,5208,18392,15,14,8
2018-01-02T12:07:29.636191,21645,4008,-21241,25992,32668,32767,37,-29,8
2018-01-02T12:07:29.843003,3025,3553,-5359,-384,-6572,18352,-19,1,8
2018-01-02T12:07:30.049811,-2930,-5161,2151,-3728,5436,13612,21,14,8
2018-01-02T12:07:30.256666,1891,-887,2087,-3220,2704,18652,8,9,8
2018-01-02T12:07:30.463525,382,436,2222,-2772,-9044,13572,-33,9,8
2018-01-02T12:07:30.670355,1574,729,-1239,8712,1768,18848,4,-24,8
2018-01-02T12:07:30.904156,1104,523,-5756,2628,848,17048,2,-8,8
2018-01-02T12:07:31.110996,5692,-2468,3345,1520,-2320,14084,-9,-6,8
2018-01-02T12:07:31.318079,10,-1466,5971,-6724,6388,20432,16,17,8
2018-01-02T12:07:31.525539,2929,2760,280,-2392,-2168,15468,-7,8,8
2018-01-02T12:07:31.733644,1387,1726,-243,2012,-4512,18144,-13,-6,8
2018-01-02T12:07:31.941384,923,4613,-6888,-3876,-1380,15248,-5,14,8
2018-01-02T12:07:32.149316,2291,1024,-2841,792,-3392,16476,-11,-2,8
2018-01-02T12:07:32.357019,675,-3230,3043,-1956,488,18320,1,6,8
2018-01-02T12:07:32.568574,751,761,-2380,-1504,5936,13964,22,5,8
2018-01-02T12:07:32.776651,217,-269,-188,-1204,-5308,13336,-21,4,8
2018-01-02T12:07:32.984538,-1586,-966,-1156,1040,-5992,17184,-19,-3,8
2018-01-02T12:07:33.192149,-5188,-4729,536,5680,13932,9804,50,-18,8
2018-01-02T12:07:33.400045,1668,-1229,-1833,-2436,-10784,19140,-29,6,8
2018-01-02T12:07:33.607902,991,-1474,1851,-988,-588,14028,-2,4,8
2018-01-02T12:07:33.815446,-7676,1639,2149,-20360,-14196,9360,-32,50,8
2018-01-02T12:07:34.023007,3634,-301,4051,4648,10808,22116,25,-10,8
2018-01-02T12:07:34.231099,5100,3545,-4648,4372,2468,15232,8,-15,8
2018-01-02T12:07:34.438714,1826,1704,-5080,1308,-580,14012,-2,-5,8
2018-01-02T12:07:34.646318,-94,-1614,-1783,3748,-780,13208,-3,-15,8
2018-01-02T12:07:34.854049,657,-2812,2892,1540,-2800,15836,-9,-5,8
2018-01-02T12:07:35.158839,2292,-115,2199,4076,4484,16252,14,-13,8
2018-01-02T12:07:35.367316,-1885,866,339,-3896,1260,16676,4,13,8
2018-01-02T12:07:35.574271,475,919,1074,-2544,784,19424,2,7,8
2018-01-02T12:07:35.781691,695,1418,1944,-2032,2008,15860,7,7,8
2018-01-02T12:07:35.989665,-618,-803,-1156,-6704,-2156,12172,-8,28,8
2018-01-02T12:07:46.105974,-3127,-1229,283,3440,-6956,13876,-25,-12,7
2018-01-02T12:07:46.313321,539,3001,-3214,-440,-3904,11728,-18,2,7
2018-01-02T12:07:46.520146,-1325,767,-4049,-480,2132,18272,6,1,7
2018-01-02T12:07:46.727271,-689,-203,-1826,-2668,-384,14396,-1,10,7
2018-01-02T12:07:46.934662,125,216,-1283,-52,5736,3184,60,0,7
2018-01-02T12:07:47.141933,-6315,-2384,-1515,436,-14324,13304,-47,-1,7
2018-01-02T12:07:47.348853,3678,-1349,1332,3996,-3732,11540,-16,-18,7
2018-01-02T12:07:47.556075,1907,8334,-10776,-6796,-15904,-32768,-25,10,7
2018-01-02T12:07:47.763046,-10,1223,-303,-6652,-3144,17280,-9,20,7
2018-01-02T12:07:47.970370,4776,2237,203,-1696,6132,25992,13,3,7
2018-01-02T12:07:48.177289,6184,718,1677,5696,9568,15044,30,-17,7
2018-01-02T12:07:48.384467,-430,6086,-720,-8988,-17492,11344,-50,23,7
2018-01-02T12:07:48.591494,6562,3376,-155,1768,336,8992,2,-11,7
2018-01-02T12:07:48.799086,-7719,214,-458,-548,-17048,9608,-60,1,7
2018-01-02T12:07:49.006356,4555,12,1504,1952,7064,16872,22,-6,7
2018-01-02T12:07:49.213574,-70,888,-206,592,5328,13500,21,-2,7
2018-01-02T12:07:49.420724,4532,2999,-2670,9784,1668,16680,4,-30,7
2018-01-02T12:07:49.627677,1688,14770,-5405,-1032,32767,-4092,82,1,7
2018-01-02T12:07:49.834452,1011,-1484,500,-8280,2556,21708,6,20,7
2018-01-02T12:07:50.044687,-3093,-6013,651,-2072,-5316,18520,-15,6,7
2018-01-02T12:07:50.251863,-6294,-4035,1055,-4124,-15640,31688,-26,6,7
2018-01-02T12:07:50.459136,-20290,-8411,5781,-4404,3800,-6752,25,29,7
2018-01-02T12:07:50.665911,-5982,2782,-3212,-6532,-32768,19476,-57,9,7
2018-01-02T12:07:50.872866,12322,4038,-3119,-17336,-3576,32767,-5,27,7
2018-01-02T12:07:51.079783,-5863,-4474,8224,-124,-12436,21932,-29,0,7
2018-01-02T12:07:51.286754,12945,-9560,6725,-5840,-20252,29000,-34,9,7
2018-01-02T12:07:51.493764,1540,4263,-4815,-356,-12300,18308,-33,0,7
2018-01-02T12:07:51.700692,-5898,1245,-3243,-6648,-8868,17456,-25,18,7
2018-01-02T12:07:51.907727,2111,1411,-1543,-6484,-552,15212,-1,23,7
2018-01-02T12:07:52.115161,2807,1043,-2812,-1196,-252,16068,0,4,7
2018-01-02T12:07:52.321891,7305,2225,521,3620,22336,9812,64,-8,7
2018-01-02T12:07:52.528613,2239,3469,-1196,-236,-8476,23228,-20,0,7
2018-01-02T12:07:52.735528,802,2195,764,-620,-1640,16532,-5,2,7
2018-01-02T12:07:52.943392,-1676,1348,-1868,-2844,360,5272,3,28,7
2018-01-02T12:07:53.151081,2466,-2401,2271,-7212,-8888,21136,-21,17,7
2018-01-02T12:07:53.359024,-596,2533,-2037,-2068,-2172,6964,-16,15,7
2018-01-02T12:07:53.566931,-1225,26,-3751,-1052,-16040,10024,-57,3,7
2018-01-02T12:07:53.774343,-3446,-2824,2786,552,-13260,7424,-60,-2,7
2018-01-02T12:07:53.982048,2297,1919,-944,92,-12764,15836,-38,0,7
2018-01-02T12:07:54.189947,-2295,1473,-226,-4348,4136,16576,13,14,7
2018-01-02T12:07:54.398741,6126,-214,392,3872,3988,22816,9,-9,7
2018-01-02T12:07:54.606315,-868,996,989,-5504,5204,15176,17,18,7
2018-01-02T12:07:54.814817,3781,3505,-2950,-9164,-15228,18400,-36,20,7
2018-01-02T12:07:55.022484,1691,-912,-716,-5976,-13736,13400,-43,17,7
2018-01-02T12:07:55.229958,4917,906,2990,1988,18636,20988,41,-4,7
2018-01-02T12:07:55.438562,-2776,-1304,-392,1428,7468,18280,22,-4,7
2018-01-02T12:07:55.646448,2688,-2006,2794,-6284,-8240,16504,-25,18,7
2018-01-02T12:07:55.854338,5533,2095,-880,1996,16296,18448,41,-4,7
2018-01-02T12:07:56.061800,11856,-9357,11046,18692,32767,-1108,60,-29,7
